<?xml version="1.0" encoding="UTF-8"?>
<office:document-content xmlns:officeooo="http://openoffice.org/2009/office" xmlns:css3t="http://www.w3.org/TR/css3-text/" xmlns:grddl="http://www.w3.org/2003/g/data-view#" xmlns:xhtml="http://www.w3.org/1999/xhtml" xmlns:formx="urn:openoffice:names:experimental:ooxml-odf-interop:xmlns:form:1.0" xmlns:xsi="http://www.w3.org/2001/XMLSchema-instance" xmlns:rpt="http://openoffice.org/2005/report" xmlns:dc="http://purl.org/dc/elements/1.1/" xmlns:chart="urn:oasis:names:tc:opendocument:xmlns:chart:1.0" xmlns:svg="urn:oasis:names:tc:opendocument:xmlns:svg-compatible:1.0" xmlns:draw="urn:oasis:names:tc:opendocument:xmlns:drawing:1.0" xmlns:text="urn:oasis:names:tc:opendocument:xmlns:text:1.0" xmlns:oooc="http://openoffice.org/2004/calc" xmlns:style="urn:oasis:names:tc:opendocument:xmlns:style:1.0" xmlns:ooow="http://openoffice.org/2004/writer" xmlns:meta="urn:oasis:names:tc:opendocument:xmlns:meta:1.0" xmlns:xlink="http://www.w3.org/1999/xlink" xmlns:fo="urn:oasis:names:tc:opendocument:xmlns:xsl-fo-compatible:1.0" xmlns:ooo="http://openoffice.org/2004/office" xmlns:office="urn:oasis:names:tc:opendocument:xmlns:office:1.0" xmlns:dr3d="urn:oasis:names:tc:opendocument:xmlns:dr3d:1.0" xmlns:table="urn:oasis:names:tc:opendocument:xmlns:table:1.0" xmlns:number="urn:oasis:names:tc:opendocument:xmlns:datastyle:1.0" xmlns:of="urn:oasis:names:tc:opendocument:xmlns:of:1.2" xmlns:calcext="urn:org:documentfoundation:names:experimental:calc:xmlns:calcext:1.0" xmlns:tableooo="http://openoffice.org/2009/table" xmlns:drawooo="http://openoffice.org/2010/draw" xmlns:loext="urn:org:documentfoundation:names:experimental:office:xmlns:loext:1.0" xmlns:dom="http://www.w3.org/2001/xml-events" xmlns:field="urn:openoffice:names:experimental:ooo-ms-interop:xmlns:field:1.0" xmlns:xsd="http://www.w3.org/2001/XMLSchema" xmlns:math="http://www.w3.org/1998/Math/MathML" xmlns:form="urn:oasis:names:tc:opendocument:xmlns:form:1.0" xmlns:script="urn:oasis:names:tc:opendocument:xmlns:script:1.0" xmlns:xforms="http://www.w3.org/2002/xforms" office:version="1.3"><office:scripts/><office:font-face-decls><style:font-face style:name="Liberation Sans" svg:font-family="&apos;Liberation Sans&apos;" style:font-family-generic="swiss" style:font-pitch="variable"/><style:font-face style:name="Liberation Serif" svg:font-family="&apos;Liberation Serif&apos;" style:font-family-generic="roman" style:font-pitch="variable"/><style:font-face style:name="Lohit Devanagari" svg:font-family="&apos;Lohit Devanagari&apos;"/><style:font-face style:name="Lohit Devanagari1" svg:font-family="&apos;Lohit Devanagari&apos;" style:font-family-generic="system" style:font-pitch="variable"/><style:font-face style:name="Noto Sans CJK SC" svg:font-family="&apos;Noto Sans CJK SC&apos;" style:font-family-generic="system" style:font-pitch="variable"/><style:font-face style:name="Noto Serif CJK SC" svg:font-family="&apos;Noto Serif CJK SC&apos;" style:font-family-generic="system" style:font-pitch="variable"/></office:font-face-decls><office:automatic-styles><style:style style:name="Table1" style:family="table"><style:table-properties style:width="12.654cm" table:align="left"/></style:style><style:style style:name="Table1.A" style:family="table-column"><style:table-column-properties style:column-width="1.568cm"/></style:style><style:style style:name="Table1.B" style:family="table-column"><style:table-column-properties style:column-width="11.086cm"/></style:style><style:style style:name="Table1.A1" style:family="table-cell"><style:table-cell-properties style:vertical-align="middle" fo:padding="0.049cm" fo:border="none"/></style:style><style:style style:name="Table2" style:family="table"><style:table-properties style:width="11.023cm" table:align="left"/></style:style><style:style style:name="Table2.A" style:family="table-column"><style:table-column-properties style:column-width="1.568cm"/></style:style><style:style style:name="Table2.B" style:family="table-column"><style:table-column-properties style:column-width="9.454cm"/></style:style><style:style style:name="Table2.A1" style:family="table-cell"><style:table-cell-properties style:vertical-align="middle" fo:padding="0.049cm" fo:border="none"/></style:style><style:style style:name="P1" style:family="paragraph" style:parent-style-name="Heading_20_3"><style:text-properties fo:font-weight="bold"/></style:style><style:style style:name="T1" style:family="text"><style:text-properties fo:font-weight="bold"/></style:style><style:style style:name="fr1" style:family="graphic" style:parent-style-name="Graphics"><style:graphic-properties style:vertical-pos="from-top" style:vertical-rel="paragraph" style:horizontal-pos="from-left" style:horizontal-rel="paragraph" style:mirror="none" fo:clip="rect(0cm, 0cm, 0cm, 0cm)" draw:luminance="0%" draw:contrast="0%" draw:red="0%" draw:green="0%" draw:blue="0%" draw:gamma="100%" draw:color-inversion="false" draw:image-opacity="100%" draw:color-mode="standard"/></style:style></office:automatic-styles><office:body><office:text text:use-soft-page-breaks="true"><text:sequence-decls><text:sequence-decl text:display-outline-level="0" text:name="Illustration"/><text:sequence-decl text:display-outline-level="0" text:name="Table"/><text:sequence-decl text:display-outline-level="0" text:name="Text"/><text:sequence-decl text:display-outline-level="0" text:name="Drawing"/><text:sequence-decl text:display-outline-level="0" text:name="Figure"/></text:sequence-decls><text:h text:style-name="Heading_20_1" text:outline-level="1">Companies Visited for 2025 Batch till 27/05/2025</text:h><table:table table:name="Table1" table:style-name="Table1"><table:table-column table:style-name="Table1.A"/><table:table-column table:style-name="Table1.B"/><table:table-header-rows><table:table-row><table:table-cell table:style-name="Table1.A1" office:value-type="string"><text:p text:style-name="Table_20_Heading">SL.No. </text:p></table:table-cell><table:table-cell table:style-name="Table1.A1" office:value-type="string"><text:p text:style-name="Table_20_Heading">Name Of Company</text:p></table:table-cell></table:table-row></table:table-header-rows><table:table-row><table:table-cell table:style-name="Table1.A1" office:value-type="string"><text:p text:style-name="Table_20_Contents">1.</text:p></table:table-cell><table:table-cell table:style-name="Table1.A1" office:value-type="string"><text:p text:style-name="Table_20_Contents">INFOSYS </text:p></table:table-cell></table:table-row><table:table-row><table:table-cell table:style-name="Table1.A1" office:value-type="string"><text:p text:style-name="Table_20_Contents">2.</text:p></table:table-cell><table:table-cell table:style-name="Table1.A1" office:value-type="string"><text:p text:style-name="Table_20_Contents">IBM INDIA</text:p></table:table-cell></table:table-row><table:table-row><table:table-cell table:style-name="Table1.A1" office:value-type="string"><text:p text:style-name="Table_20_Contents">3.</text:p></table:table-cell><table:table-cell table:style-name="Table1.A1" office:value-type="string"><text:p text:style-name="Table_20_Contents">TECH MAHINDRA<draw:frame draw:style-name="fr1" draw:name="Image2" text:anchor-type="char" svg:x="6.662cm" svg:y="0.342cm" svg:width="17cm" svg:height="12.915cm" draw:z-index="1"><draw:image xlink:href="Pictures/10000001000007620000059C9F47A96BECE4CA98.png" xlink:type="simple" xlink:show="embed" xlink:actuate="onLoad" draw:mime-type="image/png"/></draw:frame></text:p></table:table-cell></table:table-row><table:table-row><table:table-cell table:style-name="Table1.A1" office:value-type="string"><text:p text:style-name="Table_20_Contents">4.</text:p></table:table-cell><table:table-cell table:style-name="Table1.A1" office:value-type="string"><text:p text:style-name="Table_20_Contents">ACCOLITE DIGITAL</text:p></table:table-cell></table:table-row><table:table-row><table:table-cell table:style-name="Table1.A1" office:value-type="string"><text:p text:style-name="Table_20_Contents">5.</text:p></table:table-cell><table:table-cell table:style-name="Table1.A1" office:value-type="string"><text:p text:style-name="Table_20_Contents">AMAZON</text:p></table:table-cell></table:table-row><table:table-row><table:table-cell table:style-name="Table1.A1" office:value-type="string"><text:p text:style-name="Table_20_Contents">6.</text:p></table:table-cell><table:table-cell table:style-name="Table1.A1" office:value-type="string"><text:p text:style-name="Table_20_Contents">SCHNEIDER ELECTRICS</text:p></table:table-cell></table:table-row><table:table-row><table:table-cell table:style-name="Table1.A1" office:value-type="string"><text:p text:style-name="Table_20_Contents">7.</text:p></table:table-cell><table:table-cell table:style-name="Table1.A1" office:value-type="string"><text:p text:style-name="Table_20_Contents">HCL</text:p></table:table-cell></table:table-row><table:table-row><table:table-cell table:style-name="Table1.A1" office:value-type="string"><text:p text:style-name="Table_20_Contents">8.</text:p></table:table-cell><table:table-cell table:style-name="Table1.A1" office:value-type="string"><text:p text:style-name="Table_20_Contents">DELTAX </text:p></table:table-cell></table:table-row><table:table-row><table:table-cell table:style-name="Table1.A1" office:value-type="string"><text:p text:style-name="Table_20_Contents">9.</text:p></table:table-cell><table:table-cell table:style-name="Table1.A1" office:value-type="string"><text:p text:style-name="Table_20_Contents">MATHCO </text:p></table:table-cell></table:table-row><table:table-row><table:table-cell table:style-name="Table1.A1" office:value-type="string"><text:p text:style-name="Table_20_Contents">10.</text:p></table:table-cell><table:table-cell table:style-name="Table1.A1" office:value-type="string"><text:p text:style-name="Table_20_Contents">HUDL </text:p></table:table-cell></table:table-row><table:table-row><table:table-cell table:style-name="Table1.A1" office:value-type="string"><text:p text:style-name="Table_20_Contents">11.</text:p></table:table-cell><table:table-cell table:style-name="Table1.A1" office:value-type="string"><text:p text:style-name="Table_20_Contents">MPHASIS LIMITED</text:p></table:table-cell></table:table-row><table:table-row><table:table-cell table:style-name="Table1.A1" office:value-type="string"><text:p text:style-name="Table_20_Contents">12.</text:p></table:table-cell><table:table-cell table:style-name="Table1.A1" office:value-type="string"><text:p text:style-name="Table_20_Contents">ACADEMOR</text:p></table:table-cell></table:table-row><table:table-row><table:table-cell table:style-name="Table1.A1" office:value-type="string"><text:p text:style-name="Table_20_Contents">13.</text:p></table:table-cell><table:table-cell table:style-name="Table1.A1" office:value-type="string"><text:p text:style-name="Table_20_Contents">SOLAR EDGE </text:p></table:table-cell></table:table-row><table:table-row><table:table-cell table:style-name="Table1.A1" office:value-type="string"><text:p text:style-name="Table_20_Contents">14.</text:p></table:table-cell><table:table-cell table:style-name="Table1.A1" office:value-type="string"><text:p text:style-name="Table_20_Contents">HIVEMINDS </text:p></table:table-cell></table:table-row><table:table-row><table:table-cell table:style-name="Table1.A1" office:value-type="string"><text:p text:style-name="Table_20_Contents">15.</text:p></table:table-cell><table:table-cell table:style-name="Table1.A1" office:value-type="string"><text:p text:style-name="Table_20_Contents">UST GLOBAL </text:p></table:table-cell></table:table-row><text:soft-page-break/><table:table-row><table:table-cell table:style-name="Table1.A1" office:value-type="string"><text:p text:style-name="Table_20_Contents">16.</text:p></table:table-cell><table:table-cell table:style-name="Table1.A1" office:value-type="string"><text:p text:style-name="Table_20_Contents">LUMOS LEARNING INDIA PVT LTD </text:p></table:table-cell></table:table-row><table:table-row><table:table-cell table:style-name="Table1.A1" office:value-type="string"><text:p text:style-name="Table_20_Contents">17.</text:p></table:table-cell><table:table-cell table:style-name="Table1.A1" office:value-type="string"><text:p text:style-name="Table_20_Contents">PLANET SPARK</text:p></table:table-cell></table:table-row><table:table-row><table:table-cell table:style-name="Table1.A1" office:value-type="string"><text:p text:style-name="Table_20_Contents">18.</text:p></table:table-cell><table:table-cell table:style-name="Table1.A1" office:value-type="string"><text:p text:style-name="Table_20_Contents">JUNGLEE GAMES</text:p></table:table-cell></table:table-row><table:table-row><table:table-cell table:style-name="Table1.A1" office:value-type="string"><text:p text:style-name="Table_20_Contents">19.</text:p></table:table-cell><table:table-cell table:style-name="Table1.A1" office:value-type="string"><text:p text:style-name="Table_20_Contents">TRASCCON INTERCONNECTION SYSTEMS PVT LTD</text:p></table:table-cell></table:table-row><table:table-row><table:table-cell table:style-name="Table1.A1" office:value-type="string"><text:p text:style-name="Table_20_Contents">20.</text:p></table:table-cell><table:table-cell table:style-name="Table1.A1" office:value-type="string"><text:p text:style-name="Table_20_Contents">KALVIUM </text:p></table:table-cell></table:table-row><table:table-row><table:table-cell table:style-name="Table1.A1" office:value-type="string"><text:p text:style-name="Table_20_Contents">21.</text:p></table:table-cell><table:table-cell table:style-name="Table1.A1" office:value-type="string"><text:p text:style-name="Table_20_Contents">AVAALI SOLUTIONS </text:p></table:table-cell></table:table-row><table:table-row><table:table-cell table:style-name="Table1.A1" office:value-type="string"><text:p text:style-name="Table_20_Contents">22.</text:p></table:table-cell><table:table-cell table:style-name="Table1.A1" office:value-type="string"><text:p text:style-name="Table_20_Contents">YASH TECHNOLOGIES </text:p></table:table-cell></table:table-row><table:table-row><table:table-cell table:style-name="Table1.A1" office:value-type="string"><text:p text:style-name="Table_20_Contents">23.</text:p></table:table-cell><table:table-cell table:style-name="Table1.A1" office:value-type="string"><text:p text:style-name="Table_20_Contents">CELSTREAM TECHNOLOGIES PRIVATE LIMITED </text:p></table:table-cell></table:table-row><table:table-row><table:table-cell table:style-name="Table1.A1" office:value-type="string"><text:p text:style-name="Table_20_Contents">24.</text:p></table:table-cell><table:table-cell table:style-name="Table1.A1" office:value-type="string"><text:p text:style-name="Table_20_Contents">ACKO GENERAL INSURANCE </text:p></table:table-cell></table:table-row><table:table-row><table:table-cell table:style-name="Table1.A1" office:value-type="string"><text:p text:style-name="Table_20_Contents">25.</text:p></table:table-cell><table:table-cell table:style-name="Table1.A1" office:value-type="string"><text:p text:style-name="Table_20_Contents">COLUMBIA SPORTSWEAR COMPANY </text:p></table:table-cell></table:table-row><table:table-row><table:table-cell table:style-name="Table1.A1" office:value-type="string"><text:p text:style-name="Table_20_Contents">26.</text:p></table:table-cell><table:table-cell table:style-name="Table1.A1" office:value-type="string"><text:p text:style-name="Table_20_Contents">1LATTICE</text:p></table:table-cell></table:table-row><table:table-row><table:table-cell table:style-name="Table1.A1" office:value-type="string"><text:p text:style-name="Table_20_Contents">27.</text:p></table:table-cell><table:table-cell table:style-name="Table1.A1" office:value-type="string"><text:p text:style-name="Table_20_Contents">NUVO AI PRIVATE LIMITED </text:p></table:table-cell></table:table-row><table:table-row><table:table-cell table:style-name="Table1.A1" office:value-type="string"><text:p text:style-name="Table_20_Contents">28.</text:p></table:table-cell><table:table-cell table:style-name="Table1.A1" office:value-type="string"><text:p text:style-name="Table_20_Contents">COMMERCEL IQ </text:p></table:table-cell></table:table-row><table:table-row><table:table-cell table:style-name="Table1.A1" office:value-type="string"><text:p text:style-name="Table_20_Contents">29.</text:p></table:table-cell><table:table-cell table:style-name="Table1.A1" office:value-type="string"><text:p text:style-name="Table_20_Contents">ALLEGION INDIA </text:p></table:table-cell></table:table-row><table:table-row><table:table-cell table:style-name="Table1.A1" office:value-type="string"><text:p text:style-name="Table_20_Contents">30.</text:p></table:table-cell><table:table-cell table:style-name="Table1.A1" office:value-type="string"><text:p text:style-name="Table_20_Contents">VIPROV TECH</text:p></table:table-cell></table:table-row><table:table-row><table:table-cell table:style-name="Table1.A1" office:value-type="string"><text:p text:style-name="Table_20_Contents">31.</text:p></table:table-cell><table:table-cell table:style-name="Table1.A1" office:value-type="string"><text:p text:style-name="Table_20_Contents">JK FILES AND ENGINEERING LTD (RAYMOND GROUP) </text:p></table:table-cell></table:table-row><table:table-row><table:table-cell table:style-name="Table1.A1" office:value-type="string"><text:p text:style-name="Table_20_Contents">32.</text:p></table:table-cell><table:table-cell table:style-name="Table1.A1" office:value-type="string"><text:p text:style-name="Table_20_Contents">GOMECHANIC</text:p></table:table-cell></table:table-row><table:table-row><table:table-cell table:style-name="Table1.A1" office:value-type="string"><text:p text:style-name="Table_20_Contents">33.</text:p></table:table-cell><table:table-cell table:style-name="Table1.A1" office:value-type="string"><text:p text:style-name="Table_20_Contents">SOBHA LIMITED </text:p></table:table-cell></table:table-row><table:table-row><table:table-cell table:style-name="Table1.A1" office:value-type="string"><text:p text:style-name="Table_20_Contents">34.</text:p></table:table-cell><table:table-cell table:style-name="Table1.A1" office:value-type="string"><text:p text:style-name="Table_20_Contents">NSOFT</text:p></table:table-cell></table:table-row></table:table><table:table table:name="Table2" table:style-name="Table2"><table:table-column table:style-name="Table2.A"/><table:table-column table:style-name="Table2.B"/><table:table-header-rows><table:table-row><table:table-cell table:style-name="Table2.A1" office:value-type="string"><text:p text:style-name="Table_20_Heading">SL.No. </text:p></table:table-cell><table:table-cell table:style-name="Table2.A1" office:value-type="string"><text:p text:style-name="Table_20_Heading">Name Of Company</text:p></table:table-cell></table:table-row></table:table-header-rows><table:table-row><table:table-cell table:style-name="Table2.A1" office:value-type="string"><text:p text:style-name="Table_20_Contents">35.</text:p></table:table-cell><table:table-cell table:style-name="Table2.A1" office:value-type="string"><text:p text:style-name="Table_20_Contents">ZOHO CORP</text:p></table:table-cell></table:table-row><table:table-row><table:table-cell table:style-name="Table2.A1" office:value-type="string"><text:p text:style-name="Table_20_Contents">36.</text:p></table:table-cell><table:table-cell table:style-name="Table2.A1" office:value-type="string"><text:p text:style-name="Table_20_Contents">WYZMINDZ </text:p></table:table-cell></table:table-row><table:table-row><table:table-cell table:style-name="Table2.A1" office:value-type="string"><text:p text:style-name="Table_20_Contents">37.</text:p></table:table-cell><table:table-cell table:style-name="Table2.A1" office:value-type="string"><text:p text:style-name="Table_20_Contents">APARNA ENTERPRISES LTD</text:p></table:table-cell></table:table-row><table:table-row><table:table-cell table:style-name="Table2.A1" office:value-type="string"><text:p text:style-name="Table_20_Contents">38.</text:p></table:table-cell><table:table-cell table:style-name="Table2.A1" office:value-type="string"><text:p text:style-name="Table_20_Contents">RDC CONCRETE</text:p></table:table-cell></table:table-row><table:table-row><table:table-cell table:style-name="Table2.A1" office:value-type="string"><text:p text:style-name="Table_20_Contents">39.</text:p></table:table-cell><table:table-cell table:style-name="Table2.A1" office:value-type="string"><text:p text:style-name="Table_20_Contents">QUGATES TECHNOLOGIES</text:p></table:table-cell></table:table-row><table:table-row><table:table-cell table:style-name="Table2.A1" office:value-type="string"><text:p text:style-name="Table_20_Contents">40.</text:p></table:table-cell><table:table-cell table:style-name="Table2.A1" office:value-type="string"><text:p text:style-name="Table_20_Contents">TCS </text:p></table:table-cell></table:table-row><table:table-row><table:table-cell table:style-name="Table2.A1" office:value-type="string"><text:p text:style-name="Table_20_Contents">41.</text:p></table:table-cell><table:table-cell table:style-name="Table2.A1" office:value-type="string"><text:p text:style-name="Table_20_Contents">SRIBAL CONSTRUCTION COMPANY</text:p></table:table-cell></table:table-row><table:table-row><table:table-cell table:style-name="Table2.A1" office:value-type="string"><text:p text:style-name="Table_20_Contents">42.</text:p></table:table-cell><table:table-cell table:style-name="Table2.A1" office:value-type="string"><text:p text:style-name="Table_20_Contents">INTELLIPAAT</text:p></table:table-cell></table:table-row><table:table-row><table:table-cell table:style-name="Table2.A1" office:value-type="string"><text:p text:style-name="Table_20_Contents">43.</text:p></table:table-cell><table:table-cell table:style-name="Table2.A1" office:value-type="string"><text:p text:style-name="Table_20_Contents">ASCENDION </text:p></table:table-cell></table:table-row><table:table-row><table:table-cell table:style-name="Table2.A1" office:value-type="string"><text:p text:style-name="Table_20_Contents">44.</text:p></table:table-cell><table:table-cell table:style-name="Table2.A1" office:value-type="string"><text:p text:style-name="Table_20_Contents">ELEATION</text:p></table:table-cell></table:table-row><table:table-row><table:table-cell table:style-name="Table2.A1" office:value-type="string"><text:p text:style-name="Table_20_Contents">45.</text:p></table:table-cell><table:table-cell table:style-name="Table2.A1" office:value-type="string"><text:p text:style-name="Table_20_Contents">PARAM FOUNDATION </text:p></table:table-cell></table:table-row><table:table-row><table:table-cell table:style-name="Table2.A1" office:value-type="string"><text:p text:style-name="Table_20_Contents">46.</text:p></table:table-cell><table:table-cell table:style-name="Table2.A1" office:value-type="string"><text:p text:style-name="Table_20_Contents">NINJACART</text:p></table:table-cell></table:table-row><table:table-row><table:table-cell table:style-name="Table2.A1" office:value-type="string"><text:p text:style-name="Table_20_Contents">47.</text:p></table:table-cell><table:table-cell table:style-name="Table2.A1" office:value-type="string"><text:p text:style-name="Table_20_Contents">INFOGAIN </text:p></table:table-cell></table:table-row><table:table-row><table:table-cell table:style-name="Table2.A1" office:value-type="string"><text:p text:style-name="Table_20_Contents">48.</text:p></table:table-cell><table:table-cell table:style-name="Table2.A1" office:value-type="string"><text:p text:style-name="Table_20_Contents">EXPOSYS DATA LABS </text:p></table:table-cell></table:table-row><table:table-row><table:table-cell table:style-name="Table2.A1" office:value-type="string"><text:p text:style-name="Table_20_Contents">49.</text:p></table:table-cell><table:table-cell table:style-name="Table2.A1" office:value-type="string"><text:p text:style-name="Table_20_Contents">KEYENCE INDIA PVT LTD</text:p></table:table-cell></table:table-row><table:table-row><table:table-cell table:style-name="Table2.A1" office:value-type="string"><text:p text:style-name="Table_20_Contents">50.</text:p></table:table-cell><table:table-cell table:style-name="Table2.A1" office:value-type="string"><text:p text:style-name="Table_20_Contents">QUNIX INNOVATIONS PVT LTD ( INTERNSHIP)</text:p></table:table-cell></table:table-row><table:table-row><table:table-cell table:style-name="Table2.A1" office:value-type="string"><text:p text:style-name="Table_20_Contents">51.</text:p></table:table-cell><table:table-cell table:style-name="Table2.A1" office:value-type="string"><text:p text:style-name="Table_20_Contents">[24]7.AI</text:p></table:table-cell></table:table-row><table:table-row><table:table-cell table:style-name="Table2.A1" office:value-type="string"><text:p text:style-name="Table_20_Contents">52.</text:p></table:table-cell><table:table-cell table:style-name="Table2.A1" office:value-type="string"><text:p text:style-name="Table_20_Contents">SOTI NEXTGEN </text:p></table:table-cell></table:table-row><table:table-row><table:table-cell table:style-name="Table2.A1" office:value-type="string"><text:p text:style-name="Table_20_Contents">53.</text:p></table:table-cell><table:table-cell table:style-name="Table2.A1" office:value-type="string"><text:p text:style-name="Table_20_Contents">UNACADEMY</text:p></table:table-cell></table:table-row><table:table-row><table:table-cell table:style-name="Table2.A1" office:value-type="string"><text:p text:style-name="Table_20_Contents">54.</text:p></table:table-cell><table:table-cell table:style-name="Table2.A1" office:value-type="string"><text:p text:style-name="Table_20_Contents">INTIME TEC</text:p></table:table-cell></table:table-row><table:table-row><table:table-cell table:style-name="Table2.A1" office:value-type="string"><text:p text:style-name="Table_20_Contents">55.</text:p></table:table-cell><table:table-cell table:style-name="Table2.A1" office:value-type="string"><text:p text:style-name="Table_20_Contents">X-CIENCIA TECHNOLOGIES INDIA PVT LTD</text:p></table:table-cell></table:table-row><table:table-row><table:table-cell table:style-name="Table2.A1" office:value-type="string"><text:p text:style-name="Table_20_Contents">56.</text:p></table:table-cell><table:table-cell table:style-name="Table2.A1" office:value-type="string"><text:p text:style-name="Table_20_Contents">IMEG CORP</text:p></table:table-cell></table:table-row><text:soft-page-break/><table:table-row><table:table-cell table:style-name="Table2.A1" office:value-type="string"><text:p text:style-name="Table_20_Contents">57.</text:p></table:table-cell><table:table-cell table:style-name="Table2.A1" office:value-type="string"><text:p text:style-name="Table_20_Contents">TOYOTA INDUSTRIES ENGINE INDIA PVT LTD </text:p></table:table-cell></table:table-row><table:table-row><table:table-cell table:style-name="Table2.A1" office:value-type="string"><text:p text:style-name="Table_20_Contents">58.</text:p></table:table-cell><table:table-cell table:style-name="Table2.A1" office:value-type="string"><text:p text:style-name="Table_20_Contents">SRI CHAKRA ELECTRICALS </text:p></table:table-cell></table:table-row><table:table-row><table:table-cell table:style-name="Table2.A1" office:value-type="string"><text:p text:style-name="Table_20_Contents">59.</text:p></table:table-cell><table:table-cell table:style-name="Table2.A1" office:value-type="string"><text:p text:style-name="Table_20_Contents">QUANTUM AEON </text:p></table:table-cell></table:table-row><table:table-row><table:table-cell table:style-name="Table2.A1" office:value-type="string"><text:p text:style-name="Table_20_Contents">60.</text:p></table:table-cell><table:table-cell table:style-name="Table2.A1" office:value-type="string"><text:p text:style-name="Table_20_Contents">MERIL LIFE SCIENCES - NUVO AI DIVISION </text:p></table:table-cell></table:table-row><table:table-row><table:table-cell table:style-name="Table2.A1" office:value-type="string"><text:p text:style-name="Table_20_Contents">61.</text:p></table:table-cell><table:table-cell table:style-name="Table2.A1" office:value-type="string"><text:p text:style-name="Table_20_Contents">SJS INDIA </text:p></table:table-cell></table:table-row><table:table-row><table:table-cell table:style-name="Table2.A1" office:value-type="string"><text:p text:style-name="Table_20_Contents">62.</text:p></table:table-cell><table:table-cell table:style-name="Table2.A1" office:value-type="string"><text:p text:style-name="Table_20_Contents">CANON INDIA PVT LTD </text:p></table:table-cell></table:table-row><table:table-row><table:table-cell table:style-name="Table2.A1" office:value-type="string"><text:p text:style-name="Table_20_Contents">63.</text:p></table:table-cell><table:table-cell table:style-name="Table2.A1" office:value-type="string"><text:p text:style-name="Table_20_Contents">NTT DATA </text:p></table:table-cell></table:table-row><table:table-row><table:table-cell table:style-name="Table2.A1" office:value-type="string"><text:p text:style-name="Table_20_Contents">64.</text:p></table:table-cell><table:table-cell table:style-name="Table2.A1" office:value-type="string"><text:p text:style-name="Table_20_Contents">NANDI TOYOTA</text:p></table:table-cell></table:table-row><table:table-row><table:table-cell table:style-name="Table2.A1" office:value-type="string"><text:p text:style-name="Table_20_Contents">65.</text:p></table:table-cell><table:table-cell table:style-name="Table2.A1" office:value-type="string"><text:p text:style-name="Table_20_Contents">IMPERIAL ELECTRO CONTROLS PVT LTD </text:p></table:table-cell></table:table-row><table:table-row><table:table-cell table:style-name="Table2.A1" office:value-type="string"><text:p text:style-name="Table_20_Contents">66.</text:p></table:table-cell><table:table-cell table:style-name="Table2.A1" office:value-type="string"><text:p text:style-name="Table_20_Contents">TOYOTA KIRLOSKAR AUTO PARTS </text:p></table:table-cell></table:table-row><table:table-row><table:table-cell table:style-name="Table2.A1" office:value-type="string"><text:p text:style-name="Table_20_Contents">67.</text:p></table:table-cell><table:table-cell table:style-name="Table2.A1" office:value-type="string"><text:p text:style-name="Table_20_Contents">TOYOTETSU INDIA PVT. LTD </text:p></table:table-cell></table:table-row><table:table-row><table:table-cell table:style-name="Table2.A1" office:value-type="string"><text:p text:style-name="Table_20_Contents">68.</text:p></table:table-cell><table:table-cell table:style-name="Table2.A1" office:value-type="string"><text:p text:style-name="Table_20_Contents">ENAVIYA INFORMATION TECHNOLOGIES</text:p></table:table-cell></table:table-row><table:table-row><table:table-cell table:style-name="Table2.A1" office:value-type="string"><text:p text:style-name="Table_20_Contents">69.</text:p></table:table-cell><table:table-cell table:style-name="Table2.A1" office:value-type="string"><text:p text:style-name="Table_20_Contents">KING ROSE CONSTRUCTION </text:p></table:table-cell></table:table-row></table:table><text:p text:style-name="Standard"/><text:p text:style-name="Standard"/><text:p text:style-name="Standard"/><text:p text:style-name="Standard"><draw:frame draw:style-name="fr1" draw:name="Image1" text:anchor-type="char" svg:x="0.397cm" svg:y="0.302cm" svg:width="17cm" svg:height="12.915cm" draw:z-index="0"><draw:image xlink:href="Pictures/10000001000007620000059C9F47A96BECE4CA98.png" xlink:type="simple" xlink:show="embed" xlink:actuate="onLoad" draw:mime-type="image/png"/></draw:frame></text:p><text:h text:style-name="Heading_20_1" text:outline-level="1"><text:soft-page-break/>GRADUATION DAY - KSSEM</text:h><text:h text:style-name="Heading_20_2" text:outline-level="2">A Journey of Learning, A Celebration of Success</text:h><text:p text:style-name="Text_20_body">Welcome to the Graduation Ceremony of KSSEM - a proud moment that marks the culmination of years of dedication, hard work, and perseverance. This event is more than just a ceremony; it is a milestone that honors the achievements of our graduating students and celebrates the guidance, support, and encouragement of our faculty and families. Graduation Day at KSSEM is a time to reflect, rejoice, and look forward to new beginnings filled with promise and opportunity. </text:p><text:h text:style-name="P1" text:outline-level="3">From the first day of college to this proud moment,<text:line-break/>Every lesson, every friendship, every challenge conquered -<text:line-break/>Has shaped the graduates of KSSEM.<text:line-break/>With immense pride and joy, we present<text:line-break/>GRADUATION DAY<text:line-break/>A celebration of dreams fulfilled and new journeys begun!</text:h><text:p text:style-name="Text_20_body">Graduation Day at KSSEM is not just an event; it&apos;s a momentous occasion that captures the spirit of achievement and the joy of success. It&apos;s a time when memories of classrooms, projects, and friendships come flooding back, blending with excitement for the future ahead. Join us in honoring the graduating batch of 2025 - the torchbearers of knowledge, innovation, and excellence. </text:p><text:p text:style-name="Text_20_body">The Graduation Ceremony at KSSEM is a grand and dignified affair held annually on campus. The event features inspiring speeches, the ceremonial procession, and the conferring of degrees upon our graduates. Parents, faculty members, alumni, and distinguished guests come together to celebrate the hard-earned success of our students. </text:p><text:p text:style-name="Text_20_body">As you enter the decorated auditorium, you are welcomed by the proud faces of graduates in their caps and gowns, the air filled with emotion and anticipation. The atmosphere is one of pride, gratitude, and excitement as the students step forward to receive their degrees and blessings for their journey ahead. </text:p><text:p text:style-name="Text_20_body">The day also includes special addresses by eminent personalities, award distributions for academic excellence, and moments of heartfelt reflection shared by students and faculty. The ceremony concludes with the symbolic tossing of caps ? a gesture that signifies freedom, accomplishment, and the start of a new chapter. </text:p><text:p text:style-name="Text_20_body">Every year, esteemed dignitaries and notable alumni are invited as Guests of Honour to motivate and bless the graduating class with their wisdom and experiences. </text:p><text:h text:style-name="Heading_20_1" text:outline-level="1"><text:soft-page-break/>Glimpses of Graduation Day</text:h><text:h text:style-name="Heading_20_2" text:outline-level="2">GRADUATION DAY 2025</text:h><text:h text:style-name="Heading_20_2" text:outline-level="2">Beyond Boundaries</text:h><text:h text:style-name="Heading_20_2" text:outline-level="2">Celebrating Dreams, Dedication, and New Beginnings</text:h><text:p text:style-name="Text_20_body">Step into the proud moments of <text:span text:style-name="T1">Graduation Day 2025</text:span> at KSSEM, where the theme <text:span text:style-name="T1">&quot;Beyond Boundaries - Celebrating Dreams, Dedication, and New Beginnings&quot;</text:span> came alive through inspiration, achievement, and heartfelt joy. This year&apos;s ceremony honored the perseverance and passion of our graduates, marking the end of one chapter and the beginning of countless new journeys. </text:p><text:p text:style-name="Text_20_body">Relive the essence of this milestone occasion - the proud smiles, the flying caps, the words of wisdom, and the collective pride that filled the air. <text:span text:style-name="T1">Graduation Day 2025</text:span> was more than a ceremony; it was a celebration of success, growth, and the boundless future that awaits every KSSEM graduate. </text:p><text:p text:style-name="Standard"/></office:text></office:body></office:document-content>