<?xml version="1.0" encoding="UTF-8"?>
<office:document-content xmlns:officeooo="http://openoffice.org/2009/office" xmlns:css3t="http://www.w3.org/TR/css3-text/" xmlns:grddl="http://www.w3.org/2003/g/data-view#" xmlns:xhtml="http://www.w3.org/1999/xhtml" xmlns:formx="urn:openoffice:names:experimental:ooxml-odf-interop:xmlns:form:1.0" xmlns:xsi="http://www.w3.org/2001/XMLSchema-instance" xmlns:rpt="http://openoffice.org/2005/report" xmlns:dc="http://purl.org/dc/elements/1.1/" xmlns:chart="urn:oasis:names:tc:opendocument:xmlns:chart:1.0" xmlns:svg="urn:oasis:names:tc:opendocument:xmlns:svg-compatible:1.0" xmlns:draw="urn:oasis:names:tc:opendocument:xmlns:drawing:1.0" xmlns:text="urn:oasis:names:tc:opendocument:xmlns:text:1.0" xmlns:oooc="http://openoffice.org/2004/calc" xmlns:style="urn:oasis:names:tc:opendocument:xmlns:style:1.0" xmlns:ooow="http://openoffice.org/2004/writer" xmlns:meta="urn:oasis:names:tc:opendocument:xmlns:meta:1.0" xmlns:xlink="http://www.w3.org/1999/xlink" xmlns:fo="urn:oasis:names:tc:opendocument:xmlns:xsl-fo-compatible:1.0" xmlns:ooo="http://openoffice.org/2004/office" xmlns:office="urn:oasis:names:tc:opendocument:xmlns:office:1.0" xmlns:dr3d="urn:oasis:names:tc:opendocument:xmlns:dr3d:1.0" xmlns:table="urn:oasis:names:tc:opendocument:xmlns:table:1.0" xmlns:number="urn:oasis:names:tc:opendocument:xmlns:datastyle:1.0" xmlns:of="urn:oasis:names:tc:opendocument:xmlns:of:1.2" xmlns:calcext="urn:org:documentfoundation:names:experimental:calc:xmlns:calcext:1.0" xmlns:tableooo="http://openoffice.org/2009/table" xmlns:drawooo="http://openoffice.org/2010/draw" xmlns:loext="urn:org:documentfoundation:names:experimental:office:xmlns:loext:1.0" xmlns:dom="http://www.w3.org/2001/xml-events" xmlns:field="urn:openoffice:names:experimental:ooo-ms-interop:xmlns:field:1.0" xmlns:xsd="http://www.w3.org/2001/XMLSchema" xmlns:math="http://www.w3.org/1998/Math/MathML" xmlns:form="urn:oasis:names:tc:opendocument:xmlns:form:1.0" xmlns:script="urn:oasis:names:tc:opendocument:xmlns:script:1.0" xmlns:xforms="http://www.w3.org/2002/xforms" office:version="1.3"><office:scripts/><office:font-face-decls><style:font-face style:name="Liberation Sans" svg:font-family="&apos;Liberation Sans&apos;" style:font-family-generic="swiss" style:font-pitch="variable"/><style:font-face style:name="Liberation Serif" svg:font-family="&apos;Liberation Serif&apos;" style:font-family-generic="roman" style:font-pitch="variable"/><style:font-face style:name="Lohit Devanagari" svg:font-family="&apos;Lohit Devanagari&apos;"/><style:font-face style:name="Lohit Devanagari1" svg:font-family="&apos;Lohit Devanagari&apos;" style:font-family-generic="system" style:font-pitch="variable"/><style:font-face style:name="Noto Sans CJK SC" svg:font-family="&apos;Noto Sans CJK SC&apos;" style:font-family-generic="system" style:font-pitch="variable"/><style:font-face style:name="Noto Serif CJK SC" svg:font-family="&apos;Noto Serif CJK SC&apos;" style:font-family-generic="system" style:font-pitch="variable"/><style:font-face style:name="OpenSymbol" svg:font-family="OpenSymbol" style:font-charset="x-symbol"/></office:font-face-decls><office:automatic-styles><style:style style:name="P1" style:family="paragraph" style:parent-style-name="Graphikformatvorlage"><style:paragraph-properties fo:margin-top="0cm" fo:margin-bottom="0.106cm" style:contextual-spacing="false"/></style:style><style:style style:name="P2" style:family="paragraph" style:parent-style-name="Heading_20_2"><style:paragraph-properties fo:margin-top="0cm" fo:margin-bottom="0.106cm" style:contextual-spacing="false" fo:text-align="center" style:justify-single-word="false"/><style:text-properties style:text-line-through-style="none" style:text-line-through-type="none" style:text-underline-style="none" style:text-blinking="false" fo:background-color="#ffffff" loext:padding="0cm" loext:border="none"/></style:style><style:style style:name="P3" style:family="paragraph" style:parent-style-name="Heading_20_3"><style:paragraph-properties fo:margin-top="0cm" fo:margin-bottom="0.106cm" style:contextual-spacing="false" fo:text-align="center" style:justify-single-word="false"/><style:text-properties style:text-line-through-style="none" style:text-line-through-type="none" style:text-underline-style="none" style:text-blinking="false" fo:background-color="#ffffff" loext:padding="0cm" loext:border="none"/></style:style><style:style style:name="P4" style:family="paragraph" style:parent-style-name="Heading_20_3"><style:paragraph-properties fo:margin-top="0cm" fo:margin-bottom="0.106cm" style:contextual-spacing="false" fo:text-align="start" style:justify-single-word="false"/></style:style><style:style style:name="P5" style:family="paragraph" style:parent-style-name="Heading_20_4"><style:paragraph-properties fo:margin-top="0cm" fo:margin-bottom="0.106cm" style:contextual-spacing="false" fo:text-align="center" style:justify-single-word="false"/><style:text-properties style:text-line-through-style="none" style:text-line-through-type="none" style:text-underline-style="none" style:text-blinking="false" fo:background-color="#ffffff" loext:padding="0cm" loext:border="none"/></style:style><style:style style:name="P6" style:family="paragraph" style:parent-style-name="Heading_20_5"><style:paragraph-properties fo:margin-top="0cm" fo:margin-bottom="0.106cm" style:contextual-spacing="false" fo:text-align="center" style:justify-single-word="false"/><style:text-properties style:text-line-through-style="none" style:text-line-through-type="none" style:text-underline-style="none" fo:font-weight="bold" style:text-blinking="false" fo:background-color="#ffffff" loext:padding="0cm" loext:border="none"/></style:style><style:style style:name="P7" style:family="paragraph" style:parent-style-name="Text_20_body"><style:paragraph-properties fo:margin-top="0cm" fo:margin-bottom="0.106cm" style:contextual-spacing="false" fo:text-align="center" style:justify-single-word="false"/></style:style><style:style style:name="P8" style:family="paragraph" style:parent-style-name="Text_20_body"><style:paragraph-properties fo:margin-top="0cm" fo:margin-bottom="0.106cm" style:contextual-spacing="false" fo:text-align="center" style:justify-single-word="false"/><style:text-properties style:text-line-through-style="none" style:text-line-through-type="none" style:text-underline-style="none" style:text-blinking="false" fo:background-color="#ffffff" loext:padding="0cm" loext:border="none"/></style:style><style:style style:name="P9" style:family="paragraph" style:parent-style-name="Text_20_body" style:list-style-name="L1"><style:paragraph-properties fo:margin-top="0cm" fo:margin-bottom="0.106cm" style:contextual-spacing="false" fo:text-align="center" style:justify-single-word="false"/><style:text-properties style:text-line-through-style="none" style:text-line-through-type="none" style:text-underline-style="none" style:text-blinking="false" fo:background-color="#ffffff" loext:padding="0cm" loext:border="none"/></style:style><style:style style:name="P10" style:family="paragraph" style:parent-style-name="Text_20_body" style:list-style-name="L2"><style:paragraph-properties fo:margin-top="0cm" fo:margin-bottom="0.106cm" style:contextual-spacing="false" fo:text-align="center" style:justify-single-word="false"/><style:text-properties style:text-line-through-style="none" style:text-line-through-type="none" style:text-underline-style="none" style:text-blinking="false" fo:background-color="#ffffff" loext:padding="0cm" loext:border="none"/></style:style><style:style style:name="P11" style:family="paragraph" style:parent-style-name="Text_20_body"><style:paragraph-properties fo:margin-top="0cm" fo:margin-bottom="0.106cm" style:contextual-spacing="false" fo:text-align="start" style:justify-single-word="false"/><style:text-properties style:text-line-through-style="none" style:text-line-through-type="none" fo:font-size="21pt" style:text-underline-style="none" fo:font-weight="bold" officeooo:rsid="0001a526" officeooo:paragraph-rsid="0001a526" style:text-blinking="false" fo:background-color="#ffffff" style:font-size-asian="21pt" style:font-weight-asian="bold" style:font-size-complex="21pt" style:font-weight-complex="bold" loext:padding="0cm" loext:border="none"/></style:style><style:style style:name="P12" style:family="paragraph" style:parent-style-name="Text_20_body"><style:paragraph-properties fo:margin-top="0cm" fo:margin-bottom="0.106cm" style:contextual-spacing="false" fo:text-align="center" style:justify-single-word="false"/><style:text-properties fo:color="#555555" loext:opacity="100%" style:text-line-through-style="none" style:text-line-through-type="none" style:text-underline-style="none" style:text-blinking="false" fo:background-color="#ffffff" loext:padding="0cm" loext:border="none"/></style:style><style:style style:name="P13" style:family="paragraph" style:parent-style-name="Text_20_body"><style:paragraph-properties fo:margin-top="0cm" fo:margin-bottom="0.106cm" style:contextual-spacing="false" fo:text-align="start" style:justify-single-word="false"/></style:style><style:style style:name="P14" style:family="paragraph" style:parent-style-name="Text_20_body"><style:paragraph-properties fo:margin-top="0cm" fo:margin-bottom="0.106cm" style:contextual-spacing="false" fo:text-align="center" style:justify-single-word="false"/><style:text-properties officeooo:rsid="0001838a" officeooo:paragraph-rsid="0001838a"/></style:style><style:style style:name="P15" style:family="paragraph" style:parent-style-name="Text_20_body"><style:paragraph-properties fo:margin-top="0cm" fo:margin-bottom="0.106cm" style:contextual-spacing="false" fo:text-align="start" style:justify-single-word="false"/><style:text-properties fo:font-size="21pt" fo:font-weight="bold" officeooo:rsid="0001838a" officeooo:paragraph-rsid="0001838a" style:font-size-asian="21pt" style:font-weight-asian="bold" style:font-size-complex="21pt" style:font-weight-complex="bold"/></style:style><style:style style:name="P16" style:family="paragraph" style:parent-style-name="Text_20_body"><style:text-properties fo:font-size="21pt" fo:font-weight="bold" officeooo:rsid="0001838a" officeooo:paragraph-rsid="0001838a" style:font-size-asian="21pt" style:font-weight-asian="bold" style:font-size-complex="21pt" style:font-weight-complex="bold"/></style:style><style:style style:name="T1" style:family="text"><style:text-properties style:text-line-through-style="none" style:text-line-through-type="none" style:text-underline-style="none" style:text-blinking="false" fo:background-color="#ffffff" loext:char-shading-value="0" loext:padding="0cm" loext:border="none"/></style:style><style:style style:name="T2" style:family="text"><style:text-properties style:text-line-through-style="none" style:text-line-through-type="none" style:text-underline-style="none" officeooo:rsid="0001838a" style:text-blinking="false" fo:background-color="#ffffff" loext:char-shading-value="0" loext:padding="0cm" loext:border="none"/></style:style><style:style style:name="T3" style:family="text"><style:text-properties fo:font-weight="bold"/></style:style><style:style style:name="T4" style:family="text"><style:text-properties officeooo:rsid="0001838a"/></style:style><style:style style:name="fr1" style:family="graphic" style:parent-style-name="Graphics"><style:graphic-properties fo:margin-left="0cm" fo:margin-right="0cm" fo:margin-top="0cm" fo:margin-bottom="0cm" style:vertical-pos="top" style:vertical-rel="baseline" fo:padding="0cm" fo:border="none" style:mirror="none" fo:clip="rect(0cm, 0cm, 0cm, 0cm)" draw:luminance="0%" draw:contrast="0%" draw:red="0%" draw:green="0%" draw:blue="0%" draw:gamma="100%" draw:color-inversion="false" draw:image-opacity="100%" draw:color-mode="standard"/></style:style><style:style style:name="fr2" style:family="graphic" style:parent-style-name="Graphics"><style:graphic-properties fo:margin-left="0cm" fo:margin-right="0cm" fo:margin-top="0cm" fo:margin-bottom="0cm" style:vertical-pos="top" style:vertical-rel="baseline" fo:padding="0cm" fo:border="none" style:mirror="none" fo:clip="rect(0cm, 0cm, 0cm, 0cm)" draw:luminance="0%" draw:contrast="0%" draw:red="0%" draw:green="0%" draw:blue="0%" draw:gamma="100%" draw:color-inversion="false" draw:image-opacity="100%" draw:color-mode="standard" loext:rel-width-rel="paragraph"/></style:style><style:style style:name="Sect1" style:family="section"><style:section-properties fo:margin-left="0cm" fo:margin-right="0cm" style:editable="false"><style:columns fo:column-count="1" fo:column-gap="0cm"/></style:section-properties></style:style><text:list-style style:name="L1"><text:list-level-style-bullet text:level="1" text:style-name="Bullet_20_Symbols" loext:num-list-format="%1%." style:num-suffix="." text:bullet-char="•"><style:list-level-properties text:space-before="0.752cm" text:min-label-width="0.499cm"/></text:list-level-style-bullet><text:list-level-style-bullet text:level="2" text:style-name="Bullet_20_Symbols" loext:num-list-format="%2%." style:num-suffix="." text:bullet-char="•"><style:list-level-properties text:space-before="2.002cm" text:min-label-width="0.499cm"/></text:list-level-style-bullet><text:list-level-style-bullet text:level="3" text:style-name="Bullet_20_Symbols" loext:num-list-format="%3%." style:num-suffix="." text:bullet-char="•"><style:list-level-properties text:space-before="3.253cm" text:min-label-width="0.499cm"/></text:list-level-style-bullet><text:list-level-style-bullet text:level="4" text:style-name="Bullet_20_Symbols" loext:num-list-format="%4%." style:num-suffix="." text:bullet-char="•"><style:list-level-properties text:space-before="4.503cm" text:min-label-width="0.499cm"/></text:list-level-style-bullet><text:list-level-style-bullet text:level="5" text:style-name="Bullet_20_Symbols" loext:num-list-format="%5%." style:num-suffix="." text:bullet-char="•"><style:list-level-properties text:space-before="5.754cm" text:min-label-width="0.499cm"/></text:list-level-style-bullet><text:list-level-style-bullet text:level="6" text:style-name="Bullet_20_Symbols" loext:num-list-format="%6%." style:num-suffix="." text:bullet-char="•"><style:list-level-properties text:space-before="7.005cm" text:min-label-width="0.499cm"/></text:list-level-style-bullet><text:list-level-style-bullet text:level="7" text:style-name="Bullet_20_Symbols" loext:num-list-format="%7%." style:num-suffix="." text:bullet-char="•"><style:list-level-properties text:space-before="8.255cm" text:min-label-width="0.499cm"/></text:list-level-style-bullet><text:list-level-style-bullet text:level="8" text:style-name="Bullet_20_Symbols" loext:num-list-format="%8%." style:num-suffix="." text:bullet-char="•"><style:list-level-properties text:space-before="9.506cm" text:min-label-width="0.499cm"/></text:list-level-style-bullet><text:list-level-style-bullet text:level="9" text:style-name="Bullet_20_Symbols" loext:num-list-format="%9%." style:num-suffix="." text:bullet-char="•"><style:list-level-properties text:space-before="10.756cm" text:min-label-width="0.499cm"/></text:list-level-style-bullet><text:list-level-style-bullet text:level="10" text:style-name="Bullet_20_Symbols" loext:num-list-format="%10%." style:num-suffix="." text:bullet-char="•"><style:list-level-properties text:space-before="12.007cm" text:min-label-width="0.499cm"/></text:list-level-style-bullet></text:list-style><text:list-style style:name="L2"><text:list-level-style-bullet text:level="1" text:style-name="Bullet_20_Symbols" loext:num-list-format="%1%." style:num-suffix="." text:bullet-char="•"><style:list-level-properties text:space-before="0.752cm" text:min-label-width="0.499cm"/></text:list-level-style-bullet><text:list-level-style-bullet text:level="2" text:style-name="Bullet_20_Symbols" loext:num-list-format="%2%." style:num-suffix="." text:bullet-char="•"><style:list-level-properties text:space-before="2.002cm" text:min-label-width="0.499cm"/></text:list-level-style-bullet><text:list-level-style-bullet text:level="3" text:style-name="Bullet_20_Symbols" loext:num-list-format="%3%." style:num-suffix="." text:bullet-char="•"><style:list-level-properties text:space-before="3.253cm" text:min-label-width="0.499cm"/></text:list-level-style-bullet><text:list-level-style-bullet text:level="4" text:style-name="Bullet_20_Symbols" loext:num-list-format="%4%." style:num-suffix="." text:bullet-char="•"><style:list-level-properties text:space-before="4.503cm" text:min-label-width="0.499cm"/></text:list-level-style-bullet><text:list-level-style-bullet text:level="5" text:style-name="Bullet_20_Symbols" loext:num-list-format="%5%." style:num-suffix="." text:bullet-char="•"><style:list-level-properties text:space-before="5.754cm" text:min-label-width="0.499cm"/></text:list-level-style-bullet><text:list-level-style-bullet text:level="6" text:style-name="Bullet_20_Symbols" loext:num-list-format="%6%." style:num-suffix="." text:bullet-char="•"><style:list-level-properties text:space-before="7.005cm" text:min-label-width="0.499cm"/></text:list-level-style-bullet><text:list-level-style-bullet text:level="7" text:style-name="Bullet_20_Symbols" loext:num-list-format="%7%." style:num-suffix="." text:bullet-char="•"><style:list-level-properties text:space-before="8.255cm" text:min-label-width="0.499cm"/></text:list-level-style-bullet><text:list-level-style-bullet text:level="8" text:style-name="Bullet_20_Symbols" loext:num-list-format="%8%." style:num-suffix="." text:bullet-char="•"><style:list-level-properties text:space-before="9.506cm" text:min-label-width="0.499cm"/></text:list-level-style-bullet><text:list-level-style-bullet text:level="9" text:style-name="Bullet_20_Symbols" loext:num-list-format="%9%." style:num-suffix="." text:bullet-char="•"><style:list-level-properties text:space-before="10.756cm" text:min-label-width="0.499cm"/></text:list-level-style-bullet><text:list-level-style-bullet text:level="10" text:style-name="Bullet_20_Symbols" loext:num-list-format="%10%." style:num-suffix="." text:bullet-char="•"><style:list-level-properties text:space-before="12.007cm" text:min-label-width="0.499cm"/></text:list-level-style-bullet></text:list-style></office:automatic-styles><office:body><office:text text:use-soft-page-breaks="true"><text:sequence-decls><text:sequence-decl text:display-outline-level="0" text:name="Illustration"/><text:sequence-decl text:display-outline-level="0" text:name="Table"/><text:sequence-decl text:display-outline-level="0" text:name="Text"/><text:sequence-decl text:display-outline-level="0" text:name="Drawing"/><text:sequence-decl text:display-outline-level="0" text:name="Figure"/></text:sequence-decls><text:h text:style-name="P3" text:outline-level="3">Profile</text:h><text:section text:style-name="Sect1" text:name="profile"><text:p text:style-name="P8">Department of Computer Science and Engineering (CSE) has been at the forefront of computing since September, 2010. The CSE Department is recognized by AICTE and affiliated to VTU with the current intake of 120. The CSE Department has highly qualified faculties and has excellent state of the art infrastructure in both hardware and software resources. The Department of Computer Science and Engineering is committed to develop the IT leaders of tomorrow.The Department is dedicated to education, research and overall excellence. The CSE Department continues to recruit faculty members with rich experience in academia, industry and research, and support superior research facilities. Faculty use state-of-art teaching aids to ensure better delivery of the content and facilitate greater student interaction. The staff of CSE department takes personal care of the students in counseling them about their progress in the subjects. Parents are made aware of their wards about their attendance, studies, behavior and attitude towards learning. Industry Visits and guest lectures have also been organized that have become the platform to gain the knowledge. </text:p><text:h text:style-name="P3" text:outline-level="3">Head Of The Department Desk</text:h><text:p text:style-name="P8"><draw:frame draw:style-name="fr1" draw:name="Image1" text:anchor-type="as-char" svg:width="14.637cm" svg:height="10.966cm" draw:z-index="23"><draw:image xlink:href="Pictures/10000000000003D2000002C84F8E62E924A5C9FD.jpg" xlink:type="simple" xlink:show="embed" xlink:actuate="onLoad" draw:mime-type="image/jpeg"/><svg:title>image</svg:title></draw:frame><text:s/></text:p><text:h text:style-name="P3" text:outline-level="3">Dr. Kothapalli Venkata Rao</text:h><text:h text:style-name="P5" text:outline-level="4">Professor &amp; Head</text:h><text:h text:style-name="P3" text:outline-level="3">M.Tech, Ph.D</text:h><text:p text:style-name="P8">Computer Science is about understanding computer systems and networks at a deep level. Computers and the programs they run are among the most complex products ever created; designing and using them effectively presents immense challenges. The department offers BE (CSE) and M.Tech (CSE). The aim of the department is to provide high quality education along with training the students with all the new advancements in the computers field.<text:line-break/>The department places prominence on all the important aspects of computers such as Data Structures, Design and Analysis of Algorithms, Computer Networks, Compiler Design, Operating <text:soft-page-break/>Systems, System Software, Database Management Systems, Computer Graphics and Visualization, Software Architecture, Cloud Computing, and many more. We also take initiative to improve the soft skills, analytical capabilities and verbal communication of the students so that they can face the global competition. Our faculty members aim at delivering top class education blending their rich research experience with classroom teaching. </text:p><text:p text:style-name="P8">The department motivates the staff members to pursue higher studies and encourage them to attend conferences, workshops and publish papers in national / international conferences/journals. The department of CSE provides platform for the students to achieve their career goals and it is a pleasure to be the head of CSE department. </text:p><text:h text:style-name="P3" text:outline-level="3">Highlights of department</text:h><text:list xml:id="list2609931555" text:style-name="L1"><text:list-item><text:p text:style-name="P9">Well trained, competent and highly motivated faculty members. </text:p></text:list-item><text:list-item><text:p text:style-name="P9">State of the art facilities for carrying out research in Computer Science &amp; Engineering and allied fields. </text:p></text:list-item><text:list-item><text:p text:style-name="P9">Excellent infrastructure: building, space, class-rooms, seating arrangements, etc. </text:p></text:list-item><text:list-item><text:p text:style-name="P9">Adequate teaching aids like black/white boards, LCD projectors, etc. </text:p></text:list-item><text:list-item><text:p text:style-name="P9">Dedicated student mentors for providing career and other guidance. </text:p></text:list-item><text:list-item><text:p text:style-name="P9">Arranging lectures from industry persons related to recent trends in industry. </text:p></text:list-item><text:list-item><text:p text:style-name="P9">Excellent results and placements. </text:p></text:list-item><text:list-item><text:p text:style-name="P9">Excellent facilities for imparting training/courses to engineering &amp; other faculty, students, community, etc. </text:p></text:list-item><text:list-item><text:p text:style-name="P9">Transparency in academic and administrative processes. </text:p></text:list-item></text:list><text:h text:style-name="P3" text:outline-level="3">Academic programs offered:</text:h><text:h text:style-name="P5" text:outline-level="4">UG Program:</text:h><text:p text:style-name="P8">Bachelor of Engineering (B.E.) in Computer Science and Engineering (CSE) with approved intake of 120 students and a lateral entry of 20% from 2nd year. </text:p><text:h text:style-name="P5" text:outline-level="4">PG Program:</text:h><text:p text:style-name="P8">M.Tech Programme in Computer Science and Engineering with approved intake of 18 students</text:p><text:h text:style-name="P5" text:outline-level="4">RESEARCH PROGRAM:</text:h><text:p text:style-name="P8">Ph.D</text:p></text:section><text:h text:style-name="P2" text:outline-level="2"/><text:p text:style-name="P8"/><text:p text:style-name="P8"/><text:p text:style-name="P8"/><text:p text:style-name="P8"/><text:p text:style-name="P8"/><text:p text:style-name="P8"/><text:p text:style-name="P8"/><text:p text:style-name="P8"/><text:p text:style-name="P8"/><text:p text:style-name="P8"/><text:p text:style-name="P8"><text:soft-page-break/></text:p><text:p text:style-name="P11">Faculties of CSE DEpartment</text:p><text:list xml:id="list3905594026" text:style-name="L2"><text:list-item><text:p text:style-name="P10"><text:s/><text:span text:style-name="T3">Dr. KOTHAPALLI VENKATA RAO </text:span></text:p></text:list-item></text:list><text:p text:style-name="P7"><text:span text:style-name="Strong_20_Emphasis"><text:span text:style-name="T1">HOD</text:span></text:span><text:span text:style-name="T1"> </text:span></text:p><text:p text:style-name="P12">M.Tech PhD </text:p><text:p text:style-name="P7"><draw:a xlink:type="simple" xlink:href="https://kssem.edu.in/images/2c9f8d4191c0c4c90191c18130f20001_image.jpeg"><draw:frame draw:style-name="fr2" draw:name="Image71" text:anchor-type="as-char" svg:width="2cm" style:rel-width="100%" svg:height="6.932cm" draw:z-index="16"><draw:image xlink:href="Pictures/100000000000048B000004067BD5EDEE916397C6.jpg" xlink:type="simple" xlink:show="embed" xlink:actuate="onLoad" draw:mime-type="image/jpeg"/><svg:title>Dr. SIVASUBRAMANYAM MEDASANI</svg:title></draw:frame></draw:a><text:a xlink:type="simple" xlink:href="https://kssem.edu.in/images/2c9f8d4191c0c4c90191c18130f20001_image.jpeg" text:style-name="Internet_20_link" text:visited-style-name="Visited_20_Internet_20_Link"><text:span text:style-name="T1"><text:s/></text:span></text:a></text:p><text:h text:style-name="P6" text:outline-level="5">Dr. SIVASUBRAMANYAM MEDASANI </text:h><text:p text:style-name="P7"><text:span text:style-name="Strong_20_Emphasis"><text:span text:style-name="T1">PROFESSOR</text:span></text:span><text:span text:style-name="T1"> </text:span></text:p><text:p text:style-name="P12">B. Tech, M. Tech, PhD </text:p><text:p text:style-name="P7"><draw:a xlink:type="simple" xlink:href="https://kssem.edu.in/images/2c9f8d418f7ad62e018f7bb7cac70004_image.jpeg"><draw:frame draw:style-name="fr2" draw:name="Image72" text:anchor-type="as-char" svg:width="2cm" style:rel-width="100%" svg:height="6.932cm" draw:z-index="17"><draw:image xlink:href="Pictures/1000000000000460000005001D295ECDFA10F1B6.jpg" xlink:type="simple" xlink:show="embed" xlink:actuate="onLoad" draw:mime-type="image/jpeg"/><svg:title>Mr. HARSHAVARDHAN J R</svg:title></draw:frame></draw:a><text:a xlink:type="simple" xlink:href="https://kssem.edu.in/images/2c9f8d418f7ad62e018f7bb7cac70004_image.jpeg" text:style-name="Internet_20_link" text:visited-style-name="Visited_20_Internet_20_Link"><text:span text:style-name="T1"><text:s/></text:span></text:a></text:p><text:h text:style-name="P6" text:outline-level="5">Mr. HARSHAVARDHAN J R </text:h><text:p text:style-name="P7"><text:span text:style-name="Strong_20_Emphasis"><text:span text:style-name="T1">ASSOCIATE PROFESSOR</text:span></text:span><text:span text:style-name="T1"> </text:span></text:p><text:p text:style-name="P12">M.Tech (Ph.D) </text:p><text:p text:style-name="P7"><text:soft-page-break/><draw:a xlink:type="simple" xlink:href="https://kssem.edu.in/images/2c9f8d418b13f419018bb22662270034_image.jpeg"><draw:frame draw:style-name="fr2" draw:name="Image73" text:anchor-type="as-char" svg:width="2cm" style:rel-width="100%" svg:height="6.932cm" draw:z-index="18"><draw:image xlink:href="Pictures/10000000000004E8000004AC4D24EFBA4012C937.jpg" xlink:type="simple" xlink:show="embed" xlink:actuate="onLoad" draw:mime-type="image/jpeg"/><svg:title>Mrs. SOUGANDHIKA NARAYAN</svg:title></draw:frame></draw:a><text:a xlink:type="simple" xlink:href="https://kssem.edu.in/images/2c9f8d418b13f419018bb22662270034_image.jpeg" text:style-name="Internet_20_link" text:visited-style-name="Visited_20_Internet_20_Link"><text:span text:style-name="T1"><text:s/></text:span></text:a></text:p><text:h text:style-name="P6" text:outline-level="5">Mrs. SOUGANDHIKA NARAYAN </text:h><text:p text:style-name="P7"><text:span text:style-name="Strong_20_Emphasis"><text:span text:style-name="T1">ASSISTANT PROFESSOR</text:span></text:span><text:span text:style-name="T1"> </text:span></text:p><text:p text:style-name="P12">M. Tech </text:p><text:p text:style-name="P7"><draw:a xlink:type="simple" xlink:href="https://kssem.edu.in/images/2c9f8d4181b5f5ca0181c957a63b0037_image.jpeg"><draw:frame draw:style-name="fr2" draw:name="Image74" text:anchor-type="as-char" svg:width="2cm" style:rel-width="100%" svg:height="6.932cm" draw:z-index="19"><draw:image xlink:href="Pictures/100000000000035A00000458F72F46D8CB12BA36.jpg" xlink:type="simple" xlink:show="embed" xlink:actuate="onLoad" draw:mime-type="image/jpeg"/><svg:title>Mrs. AMITHA. S</svg:title></draw:frame></draw:a><text:a xlink:type="simple" xlink:href="https://kssem.edu.in/images/2c9f8d4181b5f5ca0181c957a63b0037_image.jpeg" text:style-name="Internet_20_link" text:visited-style-name="Visited_20_Internet_20_Link"><text:span text:style-name="T1"><text:s/></text:span></text:a></text:p><text:h text:style-name="P6" text:outline-level="5">Mrs. AMITHA. S </text:h><text:p text:style-name="P7"><text:span text:style-name="Strong_20_Emphasis"><text:span text:style-name="T1">ASSOCIATE PROFESSOR</text:span></text:span><text:span text:style-name="T1"> </text:span></text:p><text:p text:style-name="P12">M. Tech (Ph. D) </text:p><text:p text:style-name="P7"><draw:a xlink:type="simple" xlink:href="https://kssem.edu.in/images/2c9f8d4181b5f5ca0181c99a09900038_image.jpeg"><draw:frame draw:style-name="fr2" draw:name="Image75" text:anchor-type="as-char" svg:width="2cm" style:rel-width="100%" svg:height="6.932cm" draw:z-index="20"><draw:image xlink:href="Pictures/100000000000043D00000500E1CB3D01B00A72EF.jpg" xlink:type="simple" xlink:show="embed" xlink:actuate="onLoad" draw:mime-type="image/jpeg"/><svg:title>Mrs. JAYASHUBHA J</svg:title></draw:frame></draw:a><text:a xlink:type="simple" xlink:href="https://kssem.edu.in/images/2c9f8d4181b5f5ca0181c99a09900038_image.jpeg" text:style-name="Internet_20_link" text:visited-style-name="Visited_20_Internet_20_Link"><text:span text:style-name="T1"><text:s/></text:span></text:a></text:p><text:h text:style-name="P6" text:outline-level="5"><text:soft-page-break/>Mrs. JAYASHUBHA J </text:h><text:p text:style-name="P7"><text:span text:style-name="Strong_20_Emphasis"><text:span text:style-name="T1">ASSOCIATE PROFESSOR</text:span></text:span><text:span text:style-name="T1"> </text:span></text:p><text:p text:style-name="P12">M. Tech (Ph.D) </text:p><text:p text:style-name="P7"><draw:a xlink:type="simple" xlink:href="https://kssem.edu.in/images/2c9f8d4181b5f5ca0181c9a42ae7003a_image.jpeg"><draw:frame draw:style-name="fr2" draw:name="Image76" text:anchor-type="as-char" svg:width="2cm" style:rel-width="100%" svg:height="6.932cm" draw:z-index="21"><draw:image xlink:href="Pictures/10000000000005DD0000064092BD40C48A53A65A.jpg" xlink:type="simple" xlink:show="embed" xlink:actuate="onLoad" draw:mime-type="image/jpeg"/><svg:title>Mrs. NITA MESHRAM</svg:title></draw:frame></draw:a><text:a xlink:type="simple" xlink:href="https://kssem.edu.in/images/2c9f8d4181b5f5ca0181c9a42ae7003a_image.jpeg" text:style-name="Internet_20_link" text:visited-style-name="Visited_20_Internet_20_Link"><text:span text:style-name="T1"><text:s/></text:span></text:a></text:p><text:h text:style-name="P6" text:outline-level="5">Mrs. NITA MESHRAM </text:h><text:p text:style-name="P7"><text:span text:style-name="Strong_20_Emphasis"><text:span text:style-name="T1">ASSOCIATE PROFESSOR</text:span></text:span><text:span text:style-name="T1"> </text:span></text:p><text:p text:style-name="P12">M. Tech </text:p><text:p text:style-name="P7"><draw:a xlink:type="simple" xlink:href="https://kssem.edu.in/images/1756900718215_image.jpeg"><draw:frame draw:style-name="fr2" draw:name="Image77" text:anchor-type="as-char" svg:width="2cm" style:rel-width="100%" svg:height="6.932cm" draw:z-index="22"><draw:image xlink:href="Pictures/1000000000000ACF00000DF5DD6B61B038370A55.jpg" xlink:type="simple" xlink:show="embed" xlink:actuate="onLoad" draw:mime-type="image/jpeg"/><svg:title>Mrs. R S GEETHANJALI</svg:title></draw:frame></draw:a><text:a xlink:type="simple" xlink:href="https://kssem.edu.in/images/1756900718215_image.jpeg" text:style-name="Internet_20_link" text:visited-style-name="Visited_20_Internet_20_Link"><text:span text:style-name="T1"><text:s/></text:span></text:a></text:p><text:h text:style-name="P6" text:outline-level="5">Mrs. R S GEETHANJALI </text:h><text:p text:style-name="P7"><text:span text:style-name="Strong_20_Emphasis"><text:span text:style-name="T1">ASSISTANT PROFESSOR</text:span></text:span><text:span text:style-name="T1"> </text:span></text:p><text:p text:style-name="P12">M. Tech </text:p><text:p text:style-name="P7"><text:soft-page-break/><draw:a xlink:type="simple" xlink:href="https://kssem.edu.in/images/2c9f8d4192c38c590192c3f870f30004_image.jpeg"><draw:frame draw:style-name="fr2" draw:name="Image78" text:anchor-type="as-char" svg:width="2cm" style:rel-width="100%" svg:height="6.932cm" draw:z-index="0"><draw:image xlink:href="Pictures/100000000000011400000162E8F3D7356CEFBEA3.jpg" xlink:type="simple" xlink:show="embed" xlink:actuate="onLoad" draw:mime-type="image/jpeg"/><svg:title>Mrs. ARCHANA N</svg:title></draw:frame></draw:a><text:a xlink:type="simple" xlink:href="https://kssem.edu.in/images/2c9f8d4192c38c590192c3f870f30004_image.jpeg" text:style-name="Internet_20_link" text:visited-style-name="Visited_20_Internet_20_Link"><text:span text:style-name="T1"><text:s/></text:span></text:a></text:p><text:h text:style-name="P6" text:outline-level="5">Mrs. ARCHANA N </text:h><text:p text:style-name="P7"><text:span text:style-name="Strong_20_Emphasis"><text:span text:style-name="T1">ASSISTANT PROFESSOR</text:span></text:span><text:span text:style-name="T1"> </text:span></text:p><text:p text:style-name="P12">M. Tech </text:p><text:p text:style-name="P7"><draw:a xlink:type="simple" xlink:href="https://kssem.edu.in/images/2c9f8d4181b5f5ca0181c9cdbc2a0042_image.jpeg"><draw:frame draw:style-name="fr2" draw:name="Image79" text:anchor-type="as-char" svg:width="2cm" style:rel-width="100%" svg:height="6.932cm" draw:z-index="1"><draw:image xlink:href="Pictures/1000000000000141000001304C1F943E699961B0.jpg" xlink:type="simple" xlink:show="embed" xlink:actuate="onLoad" draw:mime-type="image/jpeg"/><svg:title>Mrs. KAVITHA K S</svg:title></draw:frame></draw:a><text:a xlink:type="simple" xlink:href="https://kssem.edu.in/images/2c9f8d4181b5f5ca0181c9cdbc2a0042_image.jpeg" text:style-name="Internet_20_link" text:visited-style-name="Visited_20_Internet_20_Link"><text:span text:style-name="T1"><text:s/></text:span></text:a></text:p><text:h text:style-name="P6" text:outline-level="5">Mrs. KAVITHA K S </text:h><text:p text:style-name="P7"><text:span text:style-name="Strong_20_Emphasis"><text:span text:style-name="T1">ASSISTANT PROFESSOR</text:span></text:span><text:span text:style-name="T1"> </text:span></text:p><text:p text:style-name="P12">M. Tech </text:p><text:p text:style-name="P7"><draw:a xlink:type="simple" xlink:href="https://kssem.edu.in/images/2c9f8d4181b5f5ca0181c9d9bbbf0043_image.jpeg"><draw:frame draw:style-name="fr2" draw:name="Image80" text:anchor-type="as-char" svg:width="2cm" style:rel-width="100%" svg:height="6.932cm" draw:z-index="2"><draw:image xlink:href="Pictures/10000000000001140000016228EE0CD82F475623.jpg" xlink:type="simple" xlink:show="embed" xlink:actuate="onLoad" draw:mime-type="image/jpeg"/><svg:title>Mrs. SUSHMITHA SURESH</svg:title></draw:frame></draw:a><text:a xlink:type="simple" xlink:href="https://kssem.edu.in/images/2c9f8d4181b5f5ca0181c9d9bbbf0043_image.jpeg" text:style-name="Internet_20_link" text:visited-style-name="Visited_20_Internet_20_Link"><text:span text:style-name="T1"><text:s/></text:span></text:a></text:p><text:h text:style-name="P6" text:outline-level="5"><text:soft-page-break/>Mrs. SUSHMITHA SURESH </text:h><text:p text:style-name="P7"><text:span text:style-name="Strong_20_Emphasis"><text:span text:style-name="T1">ASSISTANT PROFESSOR</text:span></text:span><text:span text:style-name="T1"> </text:span></text:p><text:p text:style-name="P12">M. Tech </text:p><text:p text:style-name="P7"><draw:a xlink:type="simple" xlink:href="https://kssem.edu.in/images/2c9f8d4181b5f5ca0181c9e25e330044_image.jpeg"><draw:frame draw:style-name="fr2" draw:name="Image81" text:anchor-type="as-char" svg:width="2cm" style:rel-width="100%" svg:height="6.932cm" draw:z-index="3"><draw:image xlink:href="Pictures/10000000000005DD00000640ACA26CFC43693187.jpg" xlink:type="simple" xlink:show="embed" xlink:actuate="onLoad" draw:mime-type="image/jpeg"/><svg:title>Mrs. MEENA G</svg:title></draw:frame></draw:a><text:a xlink:type="simple" xlink:href="https://kssem.edu.in/images/2c9f8d4181b5f5ca0181c9e25e330044_image.jpeg" text:style-name="Internet_20_link" text:visited-style-name="Visited_20_Internet_20_Link"><text:span text:style-name="T1"><text:s/></text:span></text:a></text:p><text:h text:style-name="P6" text:outline-level="5">Mrs. MEENA G </text:h><text:p text:style-name="P7"><text:span text:style-name="Strong_20_Emphasis"><text:span text:style-name="T1">ASSISTANT PROFESSOR</text:span></text:span><text:span text:style-name="T1"> </text:span></text:p><text:p text:style-name="P12">M. Tech </text:p><text:p text:style-name="P7"><draw:a xlink:type="simple" xlink:href="https://kssem.edu.in/images/2c9f8d4181b5f5ca0181ceaff38c00b0_image.jpeg"><draw:frame draw:style-name="fr2" draw:name="Image82" text:anchor-type="as-char" svg:width="2cm" style:rel-width="100%" svg:height="6.932cm" draw:z-index="4"><draw:image xlink:href="Pictures/10000000000006A400000862F2E1072635DA5056.jpg" xlink:type="simple" xlink:show="embed" xlink:actuate="onLoad" draw:mime-type="image/jpeg"/><svg:title>Ms. PUNITHA M R</svg:title></draw:frame></draw:a><text:a xlink:type="simple" xlink:href="https://kssem.edu.in/images/2c9f8d4181b5f5ca0181ceaff38c00b0_image.jpeg" text:style-name="Internet_20_link" text:visited-style-name="Visited_20_Internet_20_Link"><text:span text:style-name="T1"><text:s/></text:span></text:a></text:p><text:h text:style-name="P6" text:outline-level="5">Ms. PUNITHA M R </text:h><text:p text:style-name="P7"><text:span text:style-name="Strong_20_Emphasis"><text:span text:style-name="T1">ASSISTANT PROFESSOR</text:span></text:span><text:span text:style-name="T1"> </text:span></text:p><text:p text:style-name="P12">M. Tech </text:p><text:p text:style-name="P7"><text:soft-page-break/><draw:a xlink:type="simple" xlink:href="https://kssem.edu.in/images/2c9f8d4187ff658201880df789c9000a_image.jpeg"><draw:frame draw:style-name="fr2" draw:name="Image83" text:anchor-type="as-char" svg:width="2cm" style:rel-width="100%" svg:height="6.932cm" draw:z-index="5"><draw:image xlink:href="Pictures/1000000000000241000002F620DB2DE0D24179FC.jpg" xlink:type="simple" xlink:show="embed" xlink:actuate="onLoad" draw:mime-type="image/jpeg"/><svg:title>Mrs. BINDU K P</svg:title></draw:frame></draw:a><text:a xlink:type="simple" xlink:href="https://kssem.edu.in/images/2c9f8d4187ff658201880df789c9000a_image.jpeg" text:style-name="Internet_20_link" text:visited-style-name="Visited_20_Internet_20_Link"><text:span text:style-name="T1"><text:s/></text:span></text:a></text:p><text:h text:style-name="P6" text:outline-level="5">Mrs. BINDU K P </text:h><text:p text:style-name="P7"><text:span text:style-name="Strong_20_Emphasis"><text:span text:style-name="T1">ASSISTANT PROFESSOR</text:span></text:span><text:span text:style-name="T1"> </text:span></text:p><text:p text:style-name="P12">M. Tech </text:p><text:p text:style-name="P7"><draw:a xlink:type="simple" xlink:href="https://kssem.edu.in/images/1756877376225_image.jpeg"><draw:frame draw:style-name="fr2" draw:name="Image84" text:anchor-type="as-char" svg:width="2cm" style:rel-width="100%" svg:height="6.932cm" draw:z-index="6"><draw:image xlink:href="Pictures/100000000000039700000492BF0F0145B8CDCD11.jpg" xlink:type="simple" xlink:show="embed" xlink:actuate="onLoad" draw:mime-type="image/jpeg"/><svg:title>Mrs. BHAGYASHRI KULKARNI</svg:title></draw:frame></draw:a><text:a xlink:type="simple" xlink:href="https://kssem.edu.in/images/1756877376225_image.jpeg" text:style-name="Internet_20_link" text:visited-style-name="Visited_20_Internet_20_Link"><text:span text:style-name="T1"><text:s/></text:span></text:a></text:p><text:h text:style-name="P6" text:outline-level="5">Mrs. BHAGYASHRI KULKARNI </text:h><text:p text:style-name="P7"><text:span text:style-name="Strong_20_Emphasis"><text:span text:style-name="T1">ASSISTANT PROFESSOR</text:span></text:span><text:span text:style-name="T1"> </text:span></text:p><text:p text:style-name="P12">B.E, M.Tech </text:p><text:p text:style-name="P7"><draw:a xlink:type="simple" xlink:href="https://kssem.edu.in/images/2c9f8d418af9d328018afde629330001_image.jpeg"><draw:frame draw:style-name="fr2" draw:name="Image85" text:anchor-type="as-char" svg:width="2cm" style:rel-width="100%" svg:height="6.932cm" draw:z-index="7"><draw:image xlink:href="Pictures/10000000000004E000000640D98F21ED187A08F8.jpg" xlink:type="simple" xlink:show="embed" xlink:actuate="onLoad" draw:mime-type="image/jpeg"/><svg:title>Mrs. NETHRAVATHI K G</svg:title></draw:frame></draw:a><text:a xlink:type="simple" xlink:href="https://kssem.edu.in/images/2c9f8d418af9d328018afde629330001_image.jpeg" text:style-name="Internet_20_link" text:visited-style-name="Visited_20_Internet_20_Link"><text:span text:style-name="T1"><text:s/></text:span></text:a></text:p><text:h text:style-name="P6" text:outline-level="5"><text:soft-page-break/>Mrs. NETHRAVATHI K G </text:h><text:p text:style-name="P7"><text:span text:style-name="Strong_20_Emphasis"><text:span text:style-name="T1">ASSISTANT PROFESSOR</text:span></text:span><text:span text:style-name="T1"> </text:span></text:p><text:p text:style-name="P12">M.Tech </text:p><text:p text:style-name="P7"><draw:a xlink:type="simple" xlink:href="https://kssem.edu.in/images/2c9f858d98fc22f90198fc328b690000_image.jpeg"><draw:frame draw:style-name="fr2" draw:name="Image86" text:anchor-type="as-char" svg:width="2cm" style:rel-width="100%" svg:height="6.932cm" draw:z-index="8"><draw:image xlink:href="Pictures/10000000000002640000031CF48107BD9204FB78.jpg" xlink:type="simple" xlink:show="embed" xlink:actuate="onLoad" draw:mime-type="image/jpeg"/><svg:title>Ms. VIDYASRE. N</svg:title></draw:frame></draw:a><text:a xlink:type="simple" xlink:href="https://kssem.edu.in/images/2c9f858d98fc22f90198fc328b690000_image.jpeg" text:style-name="Internet_20_link" text:visited-style-name="Visited_20_Internet_20_Link"><text:span text:style-name="T1"><text:s/></text:span></text:a></text:p><text:h text:style-name="P6" text:outline-level="5">Ms. VIDYASRE. N </text:h><text:p text:style-name="P7"><text:span text:style-name="Strong_20_Emphasis"><text:span text:style-name="T1">ASSISTANT PROFESSOR</text:span></text:span><text:span text:style-name="T1"> </text:span></text:p><text:p text:style-name="P12">M.Tech </text:p><text:p text:style-name="P7"><draw:a xlink:type="simple" xlink:href="https://kssem.edu.in/images/2c9f8d4191c0c4c90191c189fb150002_image.jpeg"><draw:frame draw:style-name="fr2" draw:name="Image87" text:anchor-type="as-char" svg:width="2cm" style:rel-width="100%" svg:height="6.932cm" draw:z-index="9"><draw:image xlink:href="Pictures/10000000000002640000031CA6296ABF81DF887D.jpg" xlink:type="simple" xlink:show="embed" xlink:actuate="onLoad" draw:mime-type="image/jpeg"/><svg:title>Mrs.VIDYA V PATIL </svg:title></draw:frame></draw:a><text:a xlink:type="simple" xlink:href="https://kssem.edu.in/images/2c9f8d4191c0c4c90191c189fb150002_image.jpeg" text:style-name="Internet_20_link" text:visited-style-name="Visited_20_Internet_20_Link"><text:span text:style-name="T1"><text:s/></text:span></text:a></text:p><text:h text:style-name="P6" text:outline-level="5">Mrs.VIDYA V PATIL </text:h><text:p text:style-name="P7"><text:span text:style-name="Strong_20_Emphasis"><text:span text:style-name="T1">ASSISTANT PROFESSOR </text:span></text:span></text:p><text:p text:style-name="P12">M. Tech </text:p><text:p text:style-name="P7"><text:soft-page-break/><draw:a xlink:type="simple" xlink:href="https://kssem.edu.in/images/2c9f8d4181b5f5ca0181c9ed82c00046_image.jpeg"><draw:frame draw:style-name="fr2" draw:name="Image88" text:anchor-type="as-char" svg:width="2cm" style:rel-width="100%" svg:height="6.932cm" draw:z-index="10"><draw:image xlink:href="Pictures/10000000000003D2000005A232BB8BA4C80A541B.jpg" xlink:type="simple" xlink:show="embed" xlink:actuate="onLoad" draw:mime-type="image/jpeg"/><svg:title>Mrs. DAKSHAYINI G.R</svg:title></draw:frame></draw:a><text:a xlink:type="simple" xlink:href="https://kssem.edu.in/images/2c9f8d4181b5f5ca0181c9ed82c00046_image.jpeg" text:style-name="Internet_20_link" text:visited-style-name="Visited_20_Internet_20_Link"><text:span text:style-name="T1"><text:s/></text:span></text:a></text:p><text:h text:style-name="P6" text:outline-level="5">Mrs. DAKSHAYINI G.R </text:h><text:p text:style-name="P7"><text:span text:style-name="Strong_20_Emphasis"><text:span text:style-name="T1">ASSISTANT PROFESSOR</text:span></text:span><text:span text:style-name="T1"> </text:span></text:p><text:p text:style-name="P12">M. Tech </text:p><text:p text:style-name="P7"><draw:a xlink:type="simple" xlink:href="https://kssem.edu.in/images/1756948132941_image.jpeg"><draw:frame draw:style-name="fr2" draw:name="Image89" text:anchor-type="as-char" svg:width="2cm" style:rel-width="100%" svg:height="6.932cm" draw:z-index="11"><draw:image xlink:href="Pictures/100000000000015C000001C2CD3D38188A772973.jpg" xlink:type="simple" xlink:show="embed" xlink:actuate="onLoad" draw:mime-type="image/jpeg"/><svg:title>Mrs. MAMATHA R</svg:title></draw:frame></draw:a><text:a xlink:type="simple" xlink:href="https://kssem.edu.in/images/1756948132941_image.jpeg" text:style-name="Internet_20_link" text:visited-style-name="Visited_20_Internet_20_Link"><text:span text:style-name="T1"><text:s/></text:span></text:a></text:p><text:h text:style-name="P6" text:outline-level="5">Mrs. MAMATHA R </text:h><text:p text:style-name="P7"><text:span text:style-name="Strong_20_Emphasis"><text:span text:style-name="T1">ASSISTANT PROFESSOR</text:span></text:span><text:span text:style-name="T1"> </text:span></text:p><text:p text:style-name="P12">M.Tech </text:p><text:p text:style-name="P7"><draw:a xlink:type="simple" xlink:href="https://kssem.edu.in/images/2c9f858d98fc22f90198fc37dc930001_image.jpeg"><draw:frame draw:style-name="fr2" draw:name="Image90" text:anchor-type="as-char" svg:width="2cm" style:rel-width="100%" svg:height="6.932cm" draw:z-index="12"><draw:image xlink:href="Pictures/10000000000002D0000003C058BDA2BE01373543.jpg" xlink:type="simple" xlink:show="embed" xlink:actuate="onLoad" draw:mime-type="image/jpeg"/><svg:title>Mr. VIKAS. SHANABHOG</svg:title></draw:frame></draw:a><text:a xlink:type="simple" xlink:href="https://kssem.edu.in/images/2c9f858d98fc22f90198fc37dc930001_image.jpeg" text:style-name="Internet_20_link" text:visited-style-name="Visited_20_Internet_20_Link"><text:span text:style-name="T1"><text:s/></text:span></text:a></text:p><text:h text:style-name="P6" text:outline-level="5"><text:soft-page-break/>Mr. VIKAS. SHANABHOG </text:h><text:p text:style-name="P7"><text:span text:style-name="Strong_20_Emphasis"><text:span text:style-name="T1">ASSISTANT PROFESSOR</text:span></text:span><text:span text:style-name="T1"> </text:span></text:p><text:p text:style-name="P12">M.Tech CSE </text:p><text:p text:style-name="P7"><draw:a xlink:type="simple" xlink:href="https://kssem.edu.in/images/2c9f858d98fc22f90198fc3ad77c0002_image.jpeg"><draw:frame draw:style-name="fr2" draw:name="Image91" text:anchor-type="as-char" svg:width="2cm" style:rel-width="100%" svg:height="6.932cm" draw:z-index="13"><draw:image xlink:href="Pictures/10000000000003CE0000050096F901D7F6B02BEF.jpg" xlink:type="simple" xlink:show="embed" xlink:actuate="onLoad" draw:mime-type="image/jpeg"/><svg:title>Mr. SHREYAS M</svg:title></draw:frame></draw:a><text:a xlink:type="simple" xlink:href="https://kssem.edu.in/images/2c9f858d98fc22f90198fc3ad77c0002_image.jpeg" text:style-name="Internet_20_link" text:visited-style-name="Visited_20_Internet_20_Link"><text:span text:style-name="T1"><text:s/></text:span></text:a></text:p><text:h text:style-name="P6" text:outline-level="5">Mr. SHREYAS M </text:h><text:p text:style-name="P7"><text:span text:style-name="Strong_20_Emphasis"><text:span text:style-name="T1">ASSISTANT PROFESSOR</text:span></text:span><text:span text:style-name="T1"> </text:span></text:p><text:p text:style-name="P12">M. Tech CSE</text:p><text:p text:style-name="P12"/><text:p text:style-name="P12"/><text:p text:style-name="P12"/><text:list xml:id="list115436470792412" text:continue-numbering="true" text:style-name="L2"><text:list-header><text:p text:style-name="P10"><text:s/><text:span text:style-name="T4">D</text:span><text:span text:style-name="T3">r. KOTHAPALLI VENKATA RAO </text:span></text:p></text:list-header></text:list><text:p text:style-name="P7"><text:span text:style-name="Strong_20_Emphasis"><text:span text:style-name="T1">HOD</text:span></text:span><text:span text:style-name="T1"> </text:span></text:p><text:p text:style-name="P12">M.Tech PhD </text:p><text:p text:style-name="P7"><draw:a xlink:type="simple" xlink:href="https://kssem.edu.in/images/2c9f8d4191c0c4c90191c18130f20001_image.jpeg"><draw:frame draw:style-name="fr2" draw:name="Image50" text:anchor-type="as-char" svg:width="2cm" style:rel-width="100%" svg:height="6.932cm" draw:z-index="14"><draw:image xlink:href="Pictures/100000000000048B000004067BD5EDEE916397C6.jpg" xlink:type="simple" xlink:show="embed" xlink:actuate="onLoad" draw:mime-type="image/jpeg"/><svg:title>Dr. SIVASUBRAMANYAM MEDASANI</svg:title></draw:frame></draw:a><text:a xlink:type="simple" xlink:href="https://kssem.edu.in/images/2c9f8d4191c0c4c90191c18130f20001_image.jpeg" text:style-name="Internet_20_link" text:visited-style-name="Visited_20_Internet_20_Link"><text:span text:style-name="T1"><text:s/></text:span></text:a></text:p><text:h text:style-name="P6" text:outline-level="5">Dr. SIVASUBRAMANYAM MEDASANI </text:h><text:p text:style-name="P7"><text:span text:style-name="Strong_20_Emphasis"><text:span text:style-name="T1">PROFESSOR</text:span></text:span><text:span text:style-name="T1"> </text:span></text:p><text:p text:style-name="P12">B. Tech, M. Tech, PhD </text:p><text:p text:style-name="P7"><text:soft-page-break/><draw:a xlink:type="simple" xlink:href="https://kssem.edu.in/images/2c9f8d418f7ad62e018f7bb7cac70004_image.jpeg"><draw:frame draw:style-name="fr2" draw:name="Image51" text:anchor-type="as-char" svg:width="2cm" style:rel-width="100%" svg:height="6.932cm" draw:z-index="15"><draw:image xlink:href="Pictures/1000000000000460000005001D295ECDFA10F1B6.jpg" xlink:type="simple" xlink:show="embed" xlink:actuate="onLoad" draw:mime-type="image/jpeg"/><svg:title>Mr. HARSHAVARDHAN J R</svg:title></draw:frame></draw:a><text:a xlink:type="simple" xlink:href="https://kssem.edu.in/images/2c9f8d418f7ad62e018f7bb7cac70004_image.jpeg" text:style-name="Internet_20_link" text:visited-style-name="Visited_20_Internet_20_Link"><text:span text:style-name="T1"><text:s/></text:span></text:a></text:p><text:h text:style-name="P6" text:outline-level="5">Mr. HARSHAVARDHAN J R </text:h><text:p text:style-name="P7"><text:span text:style-name="Strong_20_Emphasis"><text:span text:style-name="T1">ASSOCIATE PROFESSOR</text:span></text:span><text:span text:style-name="T1"> </text:span></text:p><text:p text:style-name="P7"><text:span text:style-name="T1"/></text:p><text:p text:style-name="P7"><text:span text:style-name="T1"/></text:p><text:p text:style-name="P7"><text:span text:style-name="T1"/></text:p><text:p text:style-name="P7"><text:span text:style-name="T1"/></text:p><text:p text:style-name="P7"><text:span text:style-name="T1"/></text:p><text:p text:style-name="P7"><text:span text:style-name="T1"/></text:p><text:p text:style-name="P7"><text:span text:style-name="T1"/></text:p><text:p text:style-name="P7"><text:span text:style-name="T1"/></text:p><text:p text:style-name="P7"><text:span text:style-name="T1"/></text:p><text:p text:style-name="P7"><text:span text:style-name="T1"/></text:p><text:p text:style-name="P7"><text:span text:style-name="T1"/></text:p><text:p text:style-name="P7"><text:span text:style-name="T1"/></text:p><text:p text:style-name="P7"><text:span text:style-name="T1"/></text:p><text:p text:style-name="P7"><text:span text:style-name="T1"/></text:p><text:p text:style-name="P7"><text:span text:style-name="T1"/></text:p><text:p text:style-name="P7"><text:span text:style-name="T1"/></text:p><text:p text:style-name="P7"><text:span text:style-name="T1"/></text:p><text:p text:style-name="P7"><text:span text:style-name="T1"/></text:p><text:p text:style-name="P7"><text:span text:style-name="T1"/></text:p><text:p text:style-name="P7"><text:span text:style-name="T1"/></text:p><text:p text:style-name="P7"><text:span text:style-name="T1"/></text:p><text:p text:style-name="P7"><text:span text:style-name="T1"/></text:p><text:p text:style-name="P7"><text:span text:style-name="T1"/></text:p><text:p text:style-name="P7"><text:span text:style-name="T1"/></text:p><text:p text:style-name="P7"><text:span text:style-name="T1"/></text:p><text:p text:style-name="P7"><text:span text:style-name="T1"/></text:p><text:p text:style-name="P7"><text:soft-page-break/><text:span text:style-name="T1"/></text:p><text:p text:style-name="P15"><text:span text:style-name="T1">Last year placements of CSE Department</text:span></text:p><text:p text:style-name="P7"><text:span text:style-name="T1">TOTAL ELIGIBLE STUDENTS IN CSE BRANCHES </text:span><text:span text:style-name="T2">83</text:span></text:p><text:p text:style-name="P7"><text:span text:style-name="T1">TOTAL NO OF STUDENTS PLACED IN CSE BRANCHES WITH SINGLE OFFER </text:span><text:span text:style-name="T2">23</text:span></text:p><text:p text:style-name="P7"><text:span text:style-name="T2"/></text:p><text:p text:style-name="P7"><text:span text:style-name="T2"/></text:p><text:p text:style-name="P7"><text:span text:style-name="T2"/></text:p><text:p text:style-name="P7"><text:span text:style-name="T2"/></text:p><text:p text:style-name="P7"><text:span text:style-name="T2"/></text:p><text:p text:style-name="P7"><text:span text:style-name="T2"/></text:p><text:p text:style-name="P7"><text:span text:style-name="T2"/></text:p><text:p text:style-name="P7"><text:span text:style-name="T2"/></text:p><text:p text:style-name="P7"><text:span text:style-name="T2"/></text:p><text:p text:style-name="P7"><text:span text:style-name="T2"/></text:p><text:p text:style-name="P7"><text:span text:style-name="T2"/></text:p><text:p text:style-name="P7"><text:span text:style-name="T2"/></text:p><text:p text:style-name="P7"><text:span text:style-name="T2"/></text:p><text:p text:style-name="P7"><text:span text:style-name="T2"/></text:p><text:p text:style-name="P7"><text:span text:style-name="T2"/></text:p><text:p text:style-name="P7"><text:span text:style-name="T2"/></text:p><text:p text:style-name="P7"><text:span text:style-name="T2"/></text:p><text:p text:style-name="P7"><text:span text:style-name="T2"/></text:p><text:p text:style-name="P7"><text:span text:style-name="T2"/></text:p><text:p text:style-name="P7"><text:span text:style-name="T2"/></text:p><text:p text:style-name="P7"><text:span text:style-name="T2"/></text:p><text:p text:style-name="P7"><text:span text:style-name="T2"/></text:p><text:p text:style-name="P7"><text:span text:style-name="T2"/></text:p><text:p text:style-name="P7"><text:span text:style-name="T2"/></text:p><text:p text:style-name="P7"><text:span text:style-name="T2"/></text:p><text:p text:style-name="P7"><text:span text:style-name="T2"/></text:p><text:p text:style-name="P7"><text:span text:style-name="T2"/></text:p><text:p text:style-name="P14"><text:span text:style-name="T1">]</text:span></text:p><text:p text:style-name="P14"><text:span text:style-name="T2"/></text:p><text:p text:style-name="P14"><text:span text:style-name="T2"/></text:p><text:p text:style-name="P7"><text:span text:style-name="T2"/></text:p><text:p text:style-name="P7"><text:span text:style-name="T2"/></text:p><text:p text:style-name="P7"><text:span text:style-name="T2"/></text:p><text:p text:style-name="P15"><text:soft-page-break/><text:span text:style-name="T2">A</text:span><text:span text:style-name="T1">chivements of CSE DEpartment</text:span></text:p><text:h text:style-name="P4" text:outline-level="3"><text:span text:style-name="T2">Project Exhibition Winners - Tech Tarang 2025</text:span></text:h><text:p text:style-name="Text_20_body">2025-11-17 </text:p><text:p text:style-name="Text_20_body">K.S. School of Engineering and Management, Bengaluru, proudly announces that our students secured the 3rd Prize at the Inter-College Project Exhibition - Tech Tarang 2025, hosted by City Engineering College, Bengaluru.</text:p><text:p text:style-name="Horizontal_20_Line"/><text:p text:style-name="Text_20_body"><text:s/></text:p><text:h text:style-name="Heading_20_3" text:outline-level="3">State Level Project Exhibition Winners</text:h><text:p text:style-name="Text_20_body">2025-10-30 </text:p><text:p text:style-name="Text_20_body">Department of Computer Science &amp; Engineering, K.S. School of Engineering and Management, won the 1st Prize at the State Level Project Exhibition -Protatva, hosted by RVITM College, Bangalore. Their project, &quot;TascGo - AI Powered Project Management Tool,&quot; guided by Mrs. Bindu KP, earned a cash award of Rs 10,000. Congratulations to the team - Anchal R S Singh, Muddassir Ahmed I Torgal, Iqraa Iman Khan, and Abhishek S </text:p><text:p text:style-name="Horizontal_20_Line"/><text:p text:style-name="Text_20_body"><text:s/></text:p><text:h text:style-name="Heading_20_3" text:outline-level="3">Project Exhibition Winners</text:h><text:p text:style-name="Text_20_body">2025-05-10 </text:p><text:p text:style-name="Text_20_body">Project Exhibition 2024-2025 was organized on 10/05/25 by K. S. School of Engineering and Management for the students on innovative ideas.</text:p><text:p text:style-name="Horizontal_20_Line"/><text:p text:style-name="Text_20_body"><text:s/></text:p><text:h text:style-name="Heading_20_3" text:outline-level="3">Project Exhibition Runners</text:h><text:p text:style-name="Text_20_body">2025-05-10 </text:p><text:p text:style-name="Text_20_body">Project Exhibition 2024-2025 was organized on 10/05/25 by K. S. School of Engineering and Management for the students on innovative ideas.</text:p><text:p text:style-name="Horizontal_20_Line"/><text:p text:style-name="Text_20_body"><text:s/></text:p><text:h text:style-name="Heading_20_3" text:outline-level="3">State Level Project Competition-2024</text:h><text:p text:style-name="Text_20_body">2024-04-30 </text:p><text:p text:style-name="Text_20_body">State Level Project Competition-2024, held on 30/4/24 at Atria Institute of Technology, Bengaluru. Among numerous projects, our students won the 2nd place respectively, under the able guidance of our Management, Principal Dr K Rama Narasimha, Head of the Department Dr K Venkata Rao. <text:soft-page-break/>With pride we Congratulate the winning Team and their respective project guide. Project Title: JARVIS. Project Guide: Mrs. Meena. G Team Members: Devanand M, Inchara, Disha R, Druthi N. Prize Awarded: 2ND PLACE. </text:p><text:p text:style-name="Horizontal_20_Line"/><text:p text:style-name="Text_20_body"><text:s/></text:p><text:h text:style-name="Heading_20_3" text:outline-level="3">Project Exhibition Winners</text:h><text:p text:style-name="Text_20_body">2024-05-03 </text:p><text:p text:style-name="Text_20_body">Project Exhibition 2023-2024 was organized on 03/05/24 by K. S. School of Engineering and Management for the students on innovative ideas.</text:p><text:p text:style-name="Horizontal_20_Line"/><text:p text:style-name="Text_20_body"><text:s/></text:p><text:h text:style-name="Heading_20_3" text:outline-level="3">Project Exhibition Runners</text:h><text:p text:style-name="Text_20_body">2024-05-03 </text:p><text:p text:style-name="Text_20_body">Project Exhibition 2023-2024 was organized on 03/05/24 by K. S. School of Engineering and Management for the students on innovative ideas.</text:p><text:p text:style-name="Horizontal_20_Line"/><text:p text:style-name="Text_20_body"><text:s/></text:p><text:h text:style-name="Heading_20_3" text:outline-level="3">National Level Project Competition-2024</text:h><text:p text:style-name="Text_20_body">2024-04-13 </text:p><text:p text:style-name="Text_20_body">National Level Project Competition-2024, held on 13/4/24 at Bangalore Institute of Technology, Bengaluru with a cash prize of Rs2000 &amp; Rs1000</text:p><text:p text:style-name="Text_20_body"/><text:p text:style-name="Text_20_body"/><text:p text:style-name="Text_20_body"/><text:p text:style-name="Text_20_body"/><text:p text:style-name="Text_20_body"/><text:p text:style-name="Text_20_body"/><text:p text:style-name="Text_20_body"/><text:p text:style-name="Text_20_body"/><text:p text:style-name="Text_20_body"/><text:p text:style-name="Text_20_body"/><text:p text:style-name="Text_20_body"/><text:p text:style-name="Text_20_body"/><text:p text:style-name="Text_20_body"><text:soft-page-break/></text:p><text:p text:style-name="P16">mous of CSE DEpartment</text:p><text:p text:style-name="Text_20_body"/><text:p text:style-name="Text_20_body">STUDY COMRADE <text:a xlink:type="simple" xlink:href="https://kssem.edu.in/images/1746765471111_image.pdf" office:target-frame-name="_blank" xlink:show="new" text:style-name="Internet_20_link" text:visited-style-name="Visited_20_Internet_20_Link">[view here] </text:a></text:p><text:p text:style-name="Text_20_body">PYGENICARC <text:a xlink:type="simple" xlink:href="https://kssem.edu.in/images/1746765430693_image.pdf" office:target-frame-name="_blank" xlink:show="new" text:style-name="Internet_20_link" text:visited-style-name="Visited_20_Internet_20_Link">[view here] </text:a></text:p><text:p text:style-name="Text_20_body">PRESTON <text:a xlink:type="simple" xlink:href="https://kssem.edu.in/images/1746765388650_image.pdf" office:target-frame-name="_blank" xlink:show="new" text:style-name="Internet_20_link" text:visited-style-name="Visited_20_Internet_20_Link">[view here] </text:a></text:p><text:p text:style-name="Text_20_body">MICROSOFT AZURE <text:a xlink:type="simple" xlink:href="https://kssem.edu.in/images/1746765346141_image.pdf" office:target-frame-name="_blank" xlink:show="new" text:style-name="Internet_20_link" text:visited-style-name="Visited_20_Internet_20_Link">[view here] </text:a></text:p><text:p text:style-name="Text_20_body">TEXAS REVIEW <text:a xlink:type="simple" xlink:href="https://kssem.edu.in/images/1746765301223_image.pdf" office:target-frame-name="_blank" xlink:show="new" text:style-name="Internet_20_link" text:visited-style-name="Visited_20_Internet_20_Link">[view here] </text:a></text:p><text:p text:style-name="Text_20_body">RUBIXE <text:a xlink:type="simple" xlink:href="https://kssem.edu.in/images/1665566080802_image.pdf" office:target-frame-name="_blank" xlink:show="new" text:style-name="Internet_20_link" text:visited-style-name="Visited_20_Internet_20_Link">[view here] </text:a></text:p><text:p text:style-name="Text_20_body">AVAALI SOLUTIONS PRIVATE Ltd <text:a xlink:type="simple" xlink:href="https://kssem.edu.in/images/1657123056229_image.pdf" office:target-frame-name="_blank" xlink:show="new" text:style-name="Internet_20_link" text:visited-style-name="Visited_20_Internet_20_Link">[view here] </text:a></text:p><text:p text:style-name="Text_20_body">QUANTUM LEARNINGS - CENTER OF EXCELLENCE <text:a xlink:type="simple" xlink:href="https://kssem.edu.in/images/1657035694323_image.pdf" office:target-frame-name="_blank" xlink:show="new" text:style-name="Internet_20_link" text:visited-style-name="Visited_20_Internet_20_Link">[view here] </text:a></text:p><text:p text:style-name="Text_20_body">VHU TECHNOLOGY &amp; SOLUTIONS PRIVATE LIMITED <text:a xlink:type="simple" xlink:href="https://kssem.edu.in/images/1657035269145_image.pdf" office:target-frame-name="_blank" xlink:show="new" text:style-name="Internet_20_link" text:visited-style-name="Visited_20_Internet_20_Link">[view here] </text:a></text:p><text:p text:style-name="Text_20_body">HARDROCKSPACE <text:a xlink:type="simple" xlink:href="https://kssem.edu.in/images/1657035060356_image.pdf" office:target-frame-name="_blank" xlink:show="new" text:style-name="Internet_20_link" text:visited-style-name="Visited_20_Internet_20_Link">[view here] </text:a></text:p><text:p text:style-name="Text_20_body"/><text:p text:style-name="Text_20_body"><text:s/></text:p><text:h text:style-name="Heading_20_3" text:outline-level="3"/><text:p text:style-name="P13"><text:span text:style-name="T2"/></text:p><text:p text:style-name="P13"><text:span text:style-name="T2"/></text:p><text:p text:style-name="P13"><text:span text:style-name="T2"/></text:p><text:p text:style-name="P13"><text:span text:style-name="T2"/></text:p><text:p text:style-name="P13"><text:span text:style-name="T2"/></text:p><text:p text:style-name="P13"><text:span text:style-name="T2"/></text:p><text:p text:style-name="P13"><text:span text:style-name="T2"/></text:p><text:p text:style-name="P13"><text:span text:style-name="T2"/></text:p><text:p text:style-name="P13"><text:span text:style-name="T2"/></text:p><text:p text:style-name="P13"><text:span text:style-name="T2"/></text:p><text:p text:style-name="P13"><text:span text:style-name="T2"/></text:p><text:p text:style-name="P13"><text:span text:style-name="T2"/></text:p><text:p text:style-name="P13"><text:span text:style-name="T2"/></text:p><text:p text:style-name="P13"><text:span text:style-name="T2"/></text:p><text:p text:style-name="P13"><text:span text:style-name="T2"/></text:p><text:p text:style-name="P13"><text:span text:style-name="T2"/></text:p><text:p text:style-name="P13"><text:span text:style-name="T2"/></text:p><text:p text:style-name="P13"><text:span text:style-name="T2"/></text:p></office:text></office:body></office:document-content>